mutant,DMS_score,sequence
S372A,0.6737510374153886,MVNEARGNSSLNPCLEGSASSGSESSKDSSRCSTPGLDPERHERLREKMRRRLESGDKWFSLEFFPPRTAEGAVNLISRFDRMAAGGPLYIDVTWHPAGDPGSDKETSSMMIASTAVNYCGLETILHMTCCRQRLEEITGHLHKAKQLGLKNIMALRGDPIGDQWEEEEGGFNYAVDLVKHIRSEFGDYFDICVAGYPKGHPEAGSFEADLKHLKEKVSAGADFIITQLFFEADTFFRFVKACTDMGITCPIVPGIFPIQGYHSLRQLVKLSKLEVPQEIKDVIEPIKDNDAAIRNYGIELAVSLCQELLASGLVPGLHFYTLNREMATTEVLKRLGMWTEDPRRPLPWALSAHPKRREEDVRPIFWASRPKAYIYRTQEWDEFPNGRWGNSSSPAFGELKDYYLFYLKSKSPKEELLKMWGEELTSEESVFEVFVLYLSGEPNRNGHKVTCLPWNDEPLAAETSLLKEELLRVNRQGILTINSQPNINGKPSSDPIVGWGPSGGYVFQKAYLEFFTSRETAEALLQVLKKYELRVNYHLVNVKGENITNAPELQPNAVTWGIFPGREIIQPTVVDPVSFMFWKDEAFALWIERWGKLYEEESPSRTIIQYIHDNYFLVNLVDNDFPLDNCLWQVVEDTLELLNRPTQNARETEAP
S429T,0.816200187459215,MVNEARGNSSLNPCLEGSASSGSESSKDSSRCSTPGLDPERHERLREKMRRRLESGDKWFSLEFFPPRTAEGAVNLISRFDRMAAGGPLYIDVTWHPAGDPGSDKETSSMMIASTAVNYCGLETILHMTCCRQRLEEITGHLHKAKQLGLKNIMALRGDPIGDQWEEEEGGFNYAVDLVKHIRSEFGDYFDICVAGYPKGHPEAGSFEADLKHLKEKVSAGADFIITQLFFEADTFFRFVKACTDMGITCPIVPGIFPIQGYHSLRQLVKLSKLEVPQEIKDVIEPIKDNDAAIRNYGIELAVSLCQELLASGLVPGLHFYTLNREMATTEVLKRLGMWTEDPRRPLPWALSAHPKRREEDVRPIFWASRPKSYIYRTQEWDEFPNGRWGNSSSPAFGELKDYYLFYLKSKSPKEELLKMWGEELTSEETVFEVFVLYLSGEPNRNGHKVTCLPWNDEPLAAETSLLKEELLRVNRQGILTINSQPNINGKPSSDPIVGWGPSGGYVFQKAYLEFFTSRETAEALLQVLKKYELRVNYHLVNVKGENITNAPELQPNAVTWGIFPGREIIQPTVVDPVSFMFWKDEAFALWIERWGKLYEEESPSRTIIQYIHDNYFLVNLVDNDFPLDNCLWQVVEDTLELLNRPTQNARETEAP
V449I,0.9127995773293134,MVNEARGNSSLNPCLEGSASSGSESSKDSSRCSTPGLDPERHERLREKMRRRLESGDKWFSLEFFPPRTAEGAVNLISRFDRMAAGGPLYIDVTWHPAGDPGSDKETSSMMIASTAVNYCGLETILHMTCCRQRLEEITGHLHKAKQLGLKNIMALRGDPIGDQWEEEEGGFNYAVDLVKHIRSEFGDYFDICVAGYPKGHPEAGSFEADLKHLKEKVSAGADFIITQLFFEADTFFRFVKACTDMGITCPIVPGIFPIQGYHSLRQLVKLSKLEVPQEIKDVIEPIKDNDAAIRNYGIELAVSLCQELLASGLVPGLHFYTLNREMATTEVLKRLGMWTEDPRRPLPWALSAHPKRREEDVRPIFWASRPKSYIYRTQEWDEFPNGRWGNSSSPAFGELKDYYLFYLKSKSPKEELLKMWGEELTSEESVFEVFVLYLSGEPNRNGHKITCLPWNDEPLAAETSLLKEELLRVNRQGILTINSQPNINGKPSSDPIVGWGPSGGYVFQKAYLEFFTSRETAEALLQVLKKYELRVNYHLVNVKGENITNAPELQPNAVTWGIFPGREIIQPTVVDPVSFMFWKDEAFALWIERWGKLYEEESPSRTIIQYIHDNYFLVNLVDNDFPLDNCLWQVVEDTLELLNRPTQNARETEAP
W454Y,0.7366633829528959,MVNEARGNSSLNPCLEGSASSGSESSKDSSRCSTPGLDPERHERLREKMRRRLESGDKWFSLEFFPPRTAEGAVNLISRFDRMAAGGPLYIDVTWHPAGDPGSDKETSSMMIASTAVNYCGLETILHMTCCRQRLEEITGHLHKAKQLGLKNIMALRGDPIGDQWEEEEGGFNYAVDLVKHIRSEFGDYFDICVAGYPKGHPEAGSFEADLKHLKEKVSAGADFIITQLFFEADTFFRFVKACTDMGITCPIVPGIFPIQGYHSLRQLVKLSKLEVPQEIKDVIEPIKDNDAAIRNYGIELAVSLCQELLASGLVPGLHFYTLNREMATTEVLKRLGMWTEDPRRPLPWALSAHPKRREEDVRPIFWASRPKSYIYRTQEWDEFPNGRWGNSSSPAFGELKDYYLFYLKSKSPKEELLKMWGEELTSEESVFEVFVLYLSGEPNRNGHKVTCLPYNDEPLAAETSLLKEELLRVNRQGILTINSQPNINGKPSSDPIVGWGPSGGYVFQKAYLEFFTSRETAEALLQVLKKYELRVNYHLVNVKGENITNAPELQPNAVTWGIFPGREIIQPTVVDPVSFMFWKDEAFALWIERWGKLYEEESPSRTIIQYIHDNYFLVNLVDNDFPLDNCLWQVVEDTLELLNRPTQNARETEAP
T463S,0.8153642111085455,MVNEARGNSSLNPCLEGSASSGSESSKDSSRCSTPGLDPERHERLREKMRRRLESGDKWFSLEFFPPRTAEGAVNLISRFDRMAAGGPLYIDVTWHPAGDPGSDKETSSMMIASTAVNYCGLETILHMTCCRQRLEEITGHLHKAKQLGLKNIMALRGDPIGDQWEEEEGGFNYAVDLVKHIRSEFGDYFDICVAGYPKGHPEAGSFEADLKHLKEKVSAGADFIITQLFFEADTFFRFVKACTDMGITCPIVPGIFPIQGYHSLRQLVKLSKLEVPQEIKDVIEPIKDNDAAIRNYGIELAVSLCQELLASGLVPGLHFYTLNREMATTEVLKRLGMWTEDPRRPLPWALSAHPKRREEDVRPIFWASRPKSYIYRTQEWDEFPNGRWGNSSSPAFGELKDYYLFYLKSKSPKEELLKMWGEELTSEESVFEVFVLYLSGEPNRNGHKVTCLPWNDEPLAAESSLLKEELLRVNRQGILTINSQPNINGKPSSDPIVGWGPSGGYVFQKAYLEFFTSRETAEALLQVLKKYELRVNYHLVNVKGENITNAPELQPNAVTWGIFPGREIIQPTVVDPVSFMFWKDEAFALWIERWGKLYEEESPSRTIIQYIHDNYFLVNLVDNDFPLDNCLWQVVEDTLELLNRPTQNARETEAP
L465I,0.7215718558675627,MVNEARGNSSLNPCLEGSASSGSESSKDSSRCSTPGLDPERHERLREKMRRRLESGDKWFSLEFFPPRTAEGAVNLISRFDRMAAGGPLYIDVTWHPAGDPGSDKETSSMMIASTAVNYCGLETILHMTCCRQRLEEITGHLHKAKQLGLKNIMALRGDPIGDQWEEEEGGFNYAVDLVKHIRSEFGDYFDICVAGYPKGHPEAGSFEADLKHLKEKVSAGADFIITQLFFEADTFFRFVKACTDMGITCPIVPGIFPIQGYHSLRQLVKLSKLEVPQEIKDVIEPIKDNDAAIRNYGIELAVSLCQELLASGLVPGLHFYTLNREMATTEVLKRLGMWTEDPRRPLPWALSAHPKRREEDVRPIFWASRPKSYIYRTQEWDEFPNGRWGNSSSPAFGELKDYYLFYLKSKSPKEELLKMWGEELTSEESVFEVFVLYLSGEPNRNGHKVTCLPWNDEPLAAETSILKEELLRVNRQGILTINSQPNINGKPSSDPIVGWGPSGGYVFQKAYLEFFTSRETAEALLQVLKKYELRVNYHLVNVKGENITNAPELQPNAVTWGIFPGREIIQPTVVDPVSFMFWKDEAFALWIERWGKLYEEESPSRTIIQYIHDNYFLVNLVDNDFPLDNCLWQVVEDTLELLNRPTQNARETEAP
L465V,0.775691850818051,MVNEARGNSSLNPCLEGSASSGSESSKDSSRCSTPGLDPERHERLREKMRRRLESGDKWFSLEFFPPRTAEGAVNLISRFDRMAAGGPLYIDVTWHPAGDPGSDKETSSMMIASTAVNYCGLETILHMTCCRQRLEEITGHLHKAKQLGLKNIMALRGDPIGDQWEEEEGGFNYAVDLVKHIRSEFGDYFDICVAGYPKGHPEAGSFEADLKHLKEKVSAGADFIITQLFFEADTFFRFVKACTDMGITCPIVPGIFPIQGYHSLRQLVKLSKLEVPQEIKDVIEPIKDNDAAIRNYGIELAVSLCQELLASGLVPGLHFYTLNREMATTEVLKRLGMWTEDPRRPLPWALSAHPKRREEDVRPIFWASRPKSYIYRTQEWDEFPNGRWGNSSSPAFGELKDYYLFYLKSKSPKEELLKMWGEELTSEESVFEVFVLYLSGEPNRNGHKVTCLPWNDEPLAAETSVLKEELLRVNRQGILTINSQPNINGKPSSDPIVGWGPSGGYVFQKAYLEFFTSRETAEALLQVLKKYELRVNYHLVNVKGENITNAPELQPNAVTWGIFPGREIIQPTVVDPVSFMFWKDEAFALWIERWGKLYEEESPSRTIIQYIHDNYFLVNLVDNDFPLDNCLWQVVEDTLELLNRPTQNARETEAP
L466I,0.6231748101168413,MVNEARGNSSLNPCLEGSASSGSESSKDSSRCSTPGLDPERHERLREKMRRRLESGDKWFSLEFFPPRTAEGAVNLISRFDRMAAGGPLYIDVTWHPAGDPGSDKETSSMMIASTAVNYCGLETILHMTCCRQRLEEITGHLHKAKQLGLKNIMALRGDPIGDQWEEEEGGFNYAVDLVKHIRSEFGDYFDICVAGYPKGHPEAGSFEADLKHLKEKVSAGADFIITQLFFEADTFFRFVKACTDMGITCPIVPGIFPIQGYHSLRQLVKLSKLEVPQEIKDVIEPIKDNDAAIRNYGIELAVSLCQELLASGLVPGLHFYTLNREMATTEVLKRLGMWTEDPRRPLPWALSAHPKRREEDVRPIFWASRPKSYIYRTQEWDEFPNGRWGNSSSPAFGELKDYYLFYLKSKSPKEELLKMWGEELTSEESVFEVFVLYLSGEPNRNGHKVTCLPWNDEPLAAETSLIKEELLRVNRQGILTINSQPNINGKPSSDPIVGWGPSGGYVFQKAYLEFFTSRETAEALLQVLKKYELRVNYHLVNVKGENITNAPELQPNAVTWGIFPGREIIQPTVVDPVSFMFWKDEAFALWIERWGKLYEEESPSRTIIQYIHDNYFLVNLVDNDFPLDNCLWQVVEDTLELLNRPTQNARETEAP
K467Q,0.9491584059651166,MVNEARGNSSLNPCLEGSASSGSESSKDSSRCSTPGLDPERHERLREKMRRRLESGDKWFSLEFFPPRTAEGAVNLISRFDRMAAGGPLYIDVTWHPAGDPGSDKETSSMMIASTAVNYCGLETILHMTCCRQRLEEITGHLHKAKQLGLKNIMALRGDPIGDQWEEEEGGFNYAVDLVKHIRSEFGDYFDICVAGYPKGHPEAGSFEADLKHLKEKVSAGADFIITQLFFEADTFFRFVKACTDMGITCPIVPGIFPIQGYHSLRQLVKLSKLEVPQEIKDVIEPIKDNDAAIRNYGIELAVSLCQELLASGLVPGLHFYTLNREMATTEVLKRLGMWTEDPRRPLPWALSAHPKRREEDVRPIFWASRPKSYIYRTQEWDEFPNGRWGNSSSPAFGELKDYYLFYLKSKSPKEELLKMWGEELTSEESVFEVFVLYLSGEPNRNGHKVTCLPWNDEPLAAETSLLQEELLRVNRQGILTINSQPNINGKPSSDPIVGWGPSGGYVFQKAYLEFFTSRETAEALLQVLKKYELRVNYHLVNVKGENITNAPELQPNAVTWGIFPGREIIQPTVVDPVSFMFWKDEAFALWIERWGKLYEEESPSRTIIQYIHDNYFLVNLVDNDFPLDNCLWQVVEDTLELLNRPTQNARETEAP
E468Q,0.875984549864005,MVNEARGNSSLNPCLEGSASSGSESSKDSSRCSTPGLDPERHERLREKMRRRLESGDKWFSLEFFPPRTAEGAVNLISRFDRMAAGGPLYIDVTWHPAGDPGSDKETSSMMIASTAVNYCGLETILHMTCCRQRLEEITGHLHKAKQLGLKNIMALRGDPIGDQWEEEEGGFNYAVDLVKHIRSEFGDYFDICVAGYPKGHPEAGSFEADLKHLKEKVSAGADFIITQLFFEADTFFRFVKACTDMGITCPIVPGIFPIQGYHSLRQLVKLSKLEVPQEIKDVIEPIKDNDAAIRNYGIELAVSLCQELLASGLVPGLHFYTLNREMATTEVLKRLGMWTEDPRRPLPWALSAHPKRREEDVRPIFWASRPKSYIYRTQEWDEFPNGRWGNSSSPAFGELKDYYLFYLKSKSPKEELLKMWGEELTSEESVFEVFVLYLSGEPNRNGHKVTCLPWNDEPLAAETSLLKQELLRVNRQGILTINSQPNINGKPSSDPIVGWGPSGGYVFQKAYLEFFTSRETAEALLQVLKKYELRVNYHLVNVKGENITNAPELQPNAVTWGIFPGREIIQPTVVDPVSFMFWKDEAFALWIERWGKLYEEESPSRTIIQYIHDNYFLVNLVDNDFPLDNCLWQVVEDTLELLNRPTQNARETEAP
E469Q,0.8393666776346532,MVNEARGNSSLNPCLEGSASSGSESSKDSSRCSTPGLDPERHERLREKMRRRLESGDKWFSLEFFPPRTAEGAVNLISRFDRMAAGGPLYIDVTWHPAGDPGSDKETSSMMIASTAVNYCGLETILHMTCCRQRLEEITGHLHKAKQLGLKNIMALRGDPIGDQWEEEEGGFNYAVDLVKHIRSEFGDYFDICVAGYPKGHPEAGSFEADLKHLKEKVSAGADFIITQLFFEADTFFRFVKACTDMGITCPIVPGIFPIQGYHSLRQLVKLSKLEVPQEIKDVIEPIKDNDAAIRNYGIELAVSLCQELLASGLVPGLHFYTLNREMATTEVLKRLGMWTEDPRRPLPWALSAHPKRREEDVRPIFWASRPKSYIYRTQEWDEFPNGRWGNSSSPAFGELKDYYLFYLKSKSPKEELLKMWGEELTSEESVFEVFVLYLSGEPNRNGHKVTCLPWNDEPLAAETSLLKEQLLRVNRQGILTINSQPNINGKPSSDPIVGWGPSGGYVFQKAYLEFFTSRETAEALLQVLKKYELRVNYHLVNVKGENITNAPELQPNAVTWGIFPGREIIQPTVVDPVSFMFWKDEAFALWIERWGKLYEEESPSRTIIQYIHDNYFLVNLVDNDFPLDNCLWQVVEDTLELLNRPTQNARETEAP
L470I,0.9445378559085533,MVNEARGNSSLNPCLEGSASSGSESSKDSSRCSTPGLDPERHERLREKMRRRLESGDKWFSLEFFPPRTAEGAVNLISRFDRMAAGGPLYIDVTWHPAGDPGSDKETSSMMIASTAVNYCGLETILHMTCCRQRLEEITGHLHKAKQLGLKNIMALRGDPIGDQWEEEEGGFNYAVDLVKHIRSEFGDYFDICVAGYPKGHPEAGSFEADLKHLKEKVSAGADFIITQLFFEADTFFRFVKACTDMGITCPIVPGIFPIQGYHSLRQLVKLSKLEVPQEIKDVIEPIKDNDAAIRNYGIELAVSLCQELLASGLVPGLHFYTLNREMATTEVLKRLGMWTEDPRRPLPWALSAHPKRREEDVRPIFWASRPKSYIYRTQEWDEFPNGRWGNSSSPAFGELKDYYLFYLKSKSPKEELLKMWGEELTSEESVFEVFVLYLSGEPNRNGHKVTCLPWNDEPLAAETSLLKEEILRVNRQGILTINSQPNINGKPSSDPIVGWGPSGGYVFQKAYLEFFTSRETAEALLQVLKKYELRVNYHLVNVKGENITNAPELQPNAVTWGIFPGREIIQPTVVDPVSFMFWKDEAFALWIERWGKLYEEESPSRTIIQYIHDNYFLVNLVDNDFPLDNCLWQVVEDTLELLNRPTQNARETEAP
L471I,0.8117450964031626,MVNEARGNSSLNPCLEGSASSGSESSKDSSRCSTPGLDPERHERLREKMRRRLESGDKWFSLEFFPPRTAEGAVNLISRFDRMAAGGPLYIDVTWHPAGDPGSDKETSSMMIASTAVNYCGLETILHMTCCRQRLEEITGHLHKAKQLGLKNIMALRGDPIGDQWEEEEGGFNYAVDLVKHIRSEFGDYFDICVAGYPKGHPEAGSFEADLKHLKEKVSAGADFIITQLFFEADTFFRFVKACTDMGITCPIVPGIFPIQGYHSLRQLVKLSKLEVPQEIKDVIEPIKDNDAAIRNYGIELAVSLCQELLASGLVPGLHFYTLNREMATTEVLKRLGMWTEDPRRPLPWALSAHPKRREEDVRPIFWASRPKSYIYRTQEWDEFPNGRWGNSSSPAFGELKDYYLFYLKSKSPKEELLKMWGEELTSEESVFEVFVLYLSGEPNRNGHKVTCLPWNDEPLAAETSLLKEELIRVNRQGILTINSQPNINGKPSSDPIVGWGPSGGYVFQKAYLEFFTSRETAEALLQVLKKYELRVNYHLVNVKGENITNAPELQPNAVTWGIFPGREIIQPTVVDPVSFMFWKDEAFALWIERWGKLYEEESPSRTIIQYIHDNYFLVNLVDNDFPLDNCLWQVVEDTLELLNRPTQNARETEAP
V473I,0.6543538748375832,MVNEARGNSSLNPCLEGSASSGSESSKDSSRCSTPGLDPERHERLREKMRRRLESGDKWFSLEFFPPRTAEGAVNLISRFDRMAAGGPLYIDVTWHPAGDPGSDKETSSMMIASTAVNYCGLETILHMTCCRQRLEEITGHLHKAKQLGLKNIMALRGDPIGDQWEEEEGGFNYAVDLVKHIRSEFGDYFDICVAGYPKGHPEAGSFEADLKHLKEKVSAGADFIITQLFFEADTFFRFVKACTDMGITCPIVPGIFPIQGYHSLRQLVKLSKLEVPQEIKDVIEPIKDNDAAIRNYGIELAVSLCQELLASGLVPGLHFYTLNREMATTEVLKRLGMWTEDPRRPLPWALSAHPKRREEDVRPIFWASRPKSYIYRTQEWDEFPNGRWGNSSSPAFGELKDYYLFYLKSKSPKEELLKMWGEELTSEESVFEVFVLYLSGEPNRNGHKVTCLPWNDEPLAAETSLLKEELLRINRQGILTINSQPNINGKPSSDPIVGWGPSGGYVFQKAYLEFFTSRETAEALLQVLKKYELRVNYHLVNVKGENITNAPELQPNAVTWGIFPGREIIQPTVVDPVSFMFWKDEAFALWIERWGKLYEEESPSRTIIQYIHDNYFLVNLVDNDFPLDNCLWQVVEDTLELLNRPTQNARETEAP
R475E,0.8114199107391399,MVNEARGNSSLNPCLEGSASSGSESSKDSSRCSTPGLDPERHERLREKMRRRLESGDKWFSLEFFPPRTAEGAVNLISRFDRMAAGGPLYIDVTWHPAGDPGSDKETSSMMIASTAVNYCGLETILHMTCCRQRLEEITGHLHKAKQLGLKNIMALRGDPIGDQWEEEEGGFNYAVDLVKHIRSEFGDYFDICVAGYPKGHPEAGSFEADLKHLKEKVSAGADFIITQLFFEADTFFRFVKACTDMGITCPIVPGIFPIQGYHSLRQLVKLSKLEVPQEIKDVIEPIKDNDAAIRNYGIELAVSLCQELLASGLVPGLHFYTLNREMATTEVLKRLGMWTEDPRRPLPWALSAHPKRREEDVRPIFWASRPKSYIYRTQEWDEFPNGRWGNSSSPAFGELKDYYLFYLKSKSPKEELLKMWGEELTSEESVFEVFVLYLSGEPNRNGHKVTCLPWNDEPLAAETSLLKEELLRVNEQGILTINSQPNINGKPSSDPIVGWGPSGGYVFQKAYLEFFTSRETAEALLQVLKKYELRVNYHLVNVKGENITNAPELQPNAVTWGIFPGREIIQPTVVDPVSFMFWKDEAFALWIERWGKLYEEESPSRTIIQYIHDNYFLVNLVDNDFPLDNCLWQVVEDTLELLNRPTQNARETEAP
I478L,0.939207275981557,MVNEARGNSSLNPCLEGSASSGSESSKDSSRCSTPGLDPERHERLREKMRRRLESGDKWFSLEFFPPRTAEGAVNLISRFDRMAAGGPLYIDVTWHPAGDPGSDKETSSMMIASTAVNYCGLETILHMTCCRQRLEEITGHLHKAKQLGLKNIMALRGDPIGDQWEEEEGGFNYAVDLVKHIRSEFGDYFDICVAGYPKGHPEAGSFEADLKHLKEKVSAGADFIITQLFFEADTFFRFVKACTDMGITCPIVPGIFPIQGYHSLRQLVKLSKLEVPQEIKDVIEPIKDNDAAIRNYGIELAVSLCQELLASGLVPGLHFYTLNREMATTEVLKRLGMWTEDPRRPLPWALSAHPKRREEDVRPIFWASRPKSYIYRTQEWDEFPNGRWGNSSSPAFGELKDYYLFYLKSKSPKEELLKMWGEELTSEESVFEVFVLYLSGEPNRNGHKVTCLPWNDEPLAAETSLLKEELLRVNRQGLLTINSQPNINGKPSSDPIVGWGPSGGYVFQKAYLEFFTSRETAEALLQVLKKYELRVNYHLVNVKGENITNAPELQPNAVTWGIFPGREIIQPTVVDPVSFMFWKDEAFALWIERWGKLYEEESPSRTIIQYIHDNYFLVNLVDNDFPLDNCLWQVVEDTLELLNRPTQNARETEAP
L479I,0.9525398007118225,MVNEARGNSSLNPCLEGSASSGSESSKDSSRCSTPGLDPERHERLREKMRRRLESGDKWFSLEFFPPRTAEGAVNLISRFDRMAAGGPLYIDVTWHPAGDPGSDKETSSMMIASTAVNYCGLETILHMTCCRQRLEEITGHLHKAKQLGLKNIMALRGDPIGDQWEEEEGGFNYAVDLVKHIRSEFGDYFDICVAGYPKGHPEAGSFEADLKHLKEKVSAGADFIITQLFFEADTFFRFVKACTDMGITCPIVPGIFPIQGYHSLRQLVKLSKLEVPQEIKDVIEPIKDNDAAIRNYGIELAVSLCQELLASGLVPGLHFYTLNREMATTEVLKRLGMWTEDPRRPLPWALSAHPKRREEDVRPIFWASRPKSYIYRTQEWDEFPNGRWGNSSSPAFGELKDYYLFYLKSKSPKEELLKMWGEELTSEESVFEVFVLYLSGEPNRNGHKVTCLPWNDEPLAAETSLLKEELLRVNRQGIITINSQPNINGKPSSDPIVGWGPSGGYVFQKAYLEFFTSRETAEALLQVLKKYELRVNYHLVNVKGENITNAPELQPNAVTWGIFPGREIIQPTVVDPVSFMFWKDEAFALWIERWGKLYEEESPSRTIIQYIHDNYFLVNLVDNDFPLDNCLWQVVEDTLELLNRPTQNARETEAP
T480S,0.8955166898972919,MVNEARGNSSLNPCLEGSASSGSESSKDSSRCSTPGLDPERHERLREKMRRRLESGDKWFSLEFFPPRTAEGAVNLISRFDRMAAGGPLYIDVTWHPAGDPGSDKETSSMMIASTAVNYCGLETILHMTCCRQRLEEITGHLHKAKQLGLKNIMALRGDPIGDQWEEEEGGFNYAVDLVKHIRSEFGDYFDICVAGYPKGHPEAGSFEADLKHLKEKVSAGADFIITQLFFEADTFFRFVKACTDMGITCPIVPGIFPIQGYHSLRQLVKLSKLEVPQEIKDVIEPIKDNDAAIRNYGIELAVSLCQELLASGLVPGLHFYTLNREMATTEVLKRLGMWTEDPRRPLPWALSAHPKRREEDVRPIFWASRPKSYIYRTQEWDEFPNGRWGNSSSPAFGELKDYYLFYLKSKSPKEELLKMWGEELTSEESVFEVFVLYLSGEPNRNGHKVTCLPWNDEPLAAETSLLKEELLRVNRQGILSINSQPNINGKPSSDPIVGWGPSGGYVFQKAYLEFFTSRETAEALLQVLKKYELRVNYHLVNVKGENITNAPELQPNAVTWGIFPGREIIQPTVVDPVSFMFWKDEAFALWIERWGKLYEEESPSRTIIQYIHDNYFLVNLVDNDFPLDNCLWQVVEDTLELLNRPTQNARETEAP
I481L,0.9664047837783046,MVNEARGNSSLNPCLEGSASSGSESSKDSSRCSTPGLDPERHERLREKMRRRLESGDKWFSLEFFPPRTAEGAVNLISRFDRMAAGGPLYIDVTWHPAGDPGSDKETSSMMIASTAVNYCGLETILHMTCCRQRLEEITGHLHKAKQLGLKNIMALRGDPIGDQWEEEEGGFNYAVDLVKHIRSEFGDYFDICVAGYPKGHPEAGSFEADLKHLKEKVSAGADFIITQLFFEADTFFRFVKACTDMGITCPIVPGIFPIQGYHSLRQLVKLSKLEVPQEIKDVIEPIKDNDAAIRNYGIELAVSLCQELLASGLVPGLHFYTLNREMATTEVLKRLGMWTEDPRRPLPWALSAHPKRREEDVRPIFWASRPKSYIYRTQEWDEFPNGRWGNSSSPAFGELKDYYLFYLKSKSPKEELLKMWGEELTSEESVFEVFVLYLSGEPNRNGHKVTCLPWNDEPLAAETSLLKEELLRVNRQGILTLNSQPNINGKPSSDPIVGWGPSGGYVFQKAYLEFFTSRETAEALLQVLKKYELRVNYHLVNVKGENITNAPELQPNAVTWGIFPGREIIQPTVVDPVSFMFWKDEAFALWIERWGKLYEEESPSRTIIQYIHDNYFLVNLVDNDFPLDNCLWQVVEDTLELLNRPTQNARETEAP
N486S,0.8887202427424068,MVNEARGNSSLNPCLEGSASSGSESSKDSSRCSTPGLDPERHERLREKMRRRLESGDKWFSLEFFPPRTAEGAVNLISRFDRMAAGGPLYIDVTWHPAGDPGSDKETSSMMIASTAVNYCGLETILHMTCCRQRLEEITGHLHKAKQLGLKNIMALRGDPIGDQWEEEEGGFNYAVDLVKHIRSEFGDYFDICVAGYPKGHPEAGSFEADLKHLKEKVSAGADFIITQLFFEADTFFRFVKACTDMGITCPIVPGIFPIQGYHSLRQLVKLSKLEVPQEIKDVIEPIKDNDAAIRNYGIELAVSLCQELLASGLVPGLHFYTLNREMATTEVLKRLGMWTEDPRRPLPWALSAHPKRREEDVRPIFWASRPKSYIYRTQEWDEFPNGRWGNSSSPAFGELKDYYLFYLKSKSPKEELLKMWGEELTSEESVFEVFVLYLSGEPNRNGHKVTCLPWNDEPLAAETSLLKEELLRVNRQGILTINSQPSINGKPSSDPIVGWGPSGGYVFQKAYLEFFTSRETAEALLQVLKKYELRVNYHLVNVKGENITNAPELQPNAVTWGIFPGREIIQPTVVDPVSFMFWKDEAFALWIERWGKLYEEESPSRTIIQYIHDNYFLVNLVDNDFPLDNCLWQVVEDTLELLNRPTQNARETEAP
I487L,0.9077886477169615,MVNEARGNSSLNPCLEGSASSGSESSKDSSRCSTPGLDPERHERLREKMRRRLESGDKWFSLEFFPPRTAEGAVNLISRFDRMAAGGPLYIDVTWHPAGDPGSDKETSSMMIASTAVNYCGLETILHMTCCRQRLEEITGHLHKAKQLGLKNIMALRGDPIGDQWEEEEGGFNYAVDLVKHIRSEFGDYFDICVAGYPKGHPEAGSFEADLKHLKEKVSAGADFIITQLFFEADTFFRFVKACTDMGITCPIVPGIFPIQGYHSLRQLVKLSKLEVPQEIKDVIEPIKDNDAAIRNYGIELAVSLCQELLASGLVPGLHFYTLNREMATTEVLKRLGMWTEDPRRPLPWALSAHPKRREEDVRPIFWASRPKSYIYRTQEWDEFPNGRWGNSSSPAFGELKDYYLFYLKSKSPKEELLKMWGEELTSEESVFEVFVLYLSGEPNRNGHKVTCLPWNDEPLAAETSLLKEELLRVNRQGILTINSQPNLNGKPSSDPIVGWGPSGGYVFQKAYLEFFTSRETAEALLQVLKKYELRVNYHLVNVKGENITNAPELQPNAVTWGIFPGREIIQPTVVDPVSFMFWKDEAFALWIERWGKLYEEESPSRTIIQYIHDNYFLVNLVDNDFPLDNCLWQVVEDTLELLNRPTQNARETEAP
S492G,0.7864194438677764,MVNEARGNSSLNPCLEGSASSGSESSKDSSRCSTPGLDPERHERLREKMRRRLESGDKWFSLEFFPPRTAEGAVNLISRFDRMAAGGPLYIDVTWHPAGDPGSDKETSSMMIASTAVNYCGLETILHMTCCRQRLEEITGHLHKAKQLGLKNIMALRGDPIGDQWEEEEGGFNYAVDLVKHIRSEFGDYFDICVAGYPKGHPEAGSFEADLKHLKEKVSAGADFIITQLFFEADTFFRFVKACTDMGITCPIVPGIFPIQGYHSLRQLVKLSKLEVPQEIKDVIEPIKDNDAAIRNYGIELAVSLCQELLASGLVPGLHFYTLNREMATTEVLKRLGMWTEDPRRPLPWALSAHPKRREEDVRPIFWASRPKSYIYRTQEWDEFPNGRWGNSSSPAFGELKDYYLFYLKSKSPKEELLKMWGEELTSEESVFEVFVLYLSGEPNRNGHKVTCLPWNDEPLAAETSLLKEELLRVNRQGILTINSQPNINGKPGSDPIVGWGPSGGYVFQKAYLEFFTSRETAEALLQVLKKYELRVNYHLVNVKGENITNAPELQPNAVTWGIFPGREIIQPTVVDPVSFMFWKDEAFALWIERWGKLYEEESPSRTIIQYIHDNYFLVNLVDNDFPLDNCLWQVVEDTLELLNRPTQNARETEAP
D494N,0.9602324870464501,MVNEARGNSSLNPCLEGSASSGSESSKDSSRCSTPGLDPERHERLREKMRRRLESGDKWFSLEFFPPRTAEGAVNLISRFDRMAAGGPLYIDVTWHPAGDPGSDKETSSMMIASTAVNYCGLETILHMTCCRQRLEEITGHLHKAKQLGLKNIMALRGDPIGDQWEEEEGGFNYAVDLVKHIRSEFGDYFDICVAGYPKGHPEAGSFEADLKHLKEKVSAGADFIITQLFFEADTFFRFVKACTDMGITCPIVPGIFPIQGYHSLRQLVKLSKLEVPQEIKDVIEPIKDNDAAIRNYGIELAVSLCQELLASGLVPGLHFYTLNREMATTEVLKRLGMWTEDPRRPLPWALSAHPKRREEDVRPIFWASRPKSYIYRTQEWDEFPNGRWGNSSSPAFGELKDYYLFYLKSKSPKEELLKMWGEELTSEESVFEVFVLYLSGEPNRNGHKVTCLPWNDEPLAAETSLLKEELLRVNRQGILTINSQPNINGKPSSNPIVGWGPSGGYVFQKAYLEFFTSRETAEALLQVLKKYELRVNYHLVNVKGENITNAPELQPNAVTWGIFPGREIIQPTVVDPVSFMFWKDEAFALWIERWGKLYEEESPSRTIIQYIHDNYFLVNLVDNDFPLDNCLWQVVEDTLELLNRPTQNARETEAP
I496L,0.9476965668475367,MVNEARGNSSLNPCLEGSASSGSESSKDSSRCSTPGLDPERHERLREKMRRRLESGDKWFSLEFFPPRTAEGAVNLISRFDRMAAGGPLYIDVTWHPAGDPGSDKETSSMMIASTAVNYCGLETILHMTCCRQRLEEITGHLHKAKQLGLKNIMALRGDPIGDQWEEEEGGFNYAVDLVKHIRSEFGDYFDICVAGYPKGHPEAGSFEADLKHLKEKVSAGADFIITQLFFEADTFFRFVKACTDMGITCPIVPGIFPIQGYHSLRQLVKLSKLEVPQEIKDVIEPIKDNDAAIRNYGIELAVSLCQELLASGLVPGLHFYTLNREMATTEVLKRLGMWTEDPRRPLPWALSAHPKRREEDVRPIFWASRPKSYIYRTQEWDEFPNGRWGNSSSPAFGELKDYYLFYLKSKSPKEELLKMWGEELTSEESVFEVFVLYLSGEPNRNGHKVTCLPWNDEPLAAETSLLKEELLRVNRQGILTINSQPNINGKPSSDPLVGWGPSGGYVFQKAYLEFFTSRETAEALLQVLKKYELRVNYHLVNVKGENITNAPELQPNAVTWGIFPGREIIQPTVVDPVSFMFWKDEAFALWIERWGKLYEEESPSRTIIQYIHDNYFLVNLVDNDFPLDNCLWQVVEDTLELLNRPTQNARETEAP
W499Y,0.7851440524409526,MVNEARGNSSLNPCLEGSASSGSESSKDSSRCSTPGLDPERHERLREKMRRRLESGDKWFSLEFFPPRTAEGAVNLISRFDRMAAGGPLYIDVTWHPAGDPGSDKETSSMMIASTAVNYCGLETILHMTCCRQRLEEITGHLHKAKQLGLKNIMALRGDPIGDQWEEEEGGFNYAVDLVKHIRSEFGDYFDICVAGYPKGHPEAGSFEADLKHLKEKVSAGADFIITQLFFEADTFFRFVKACTDMGITCPIVPGIFPIQGYHSLRQLVKLSKLEVPQEIKDVIEPIKDNDAAIRNYGIELAVSLCQELLASGLVPGLHFYTLNREMATTEVLKRLGMWTEDPRRPLPWALSAHPKRREEDVRPIFWASRPKSYIYRTQEWDEFPNGRWGNSSSPAFGELKDYYLFYLKSKSPKEELLKMWGEELTSEESVFEVFVLYLSGEPNRNGHKVTCLPWNDEPLAAETSLLKEELLRVNRQGILTINSQPNINGKPSSDPIVGYGPSGGYVFQKAYLEFFTSRETAEALLQVLKKYELRVNYHLVNVKGENITNAPELQPNAVTWGIFPGREIIQPTVVDPVSFMFWKDEAFALWIERWGKLYEEESPSRTIIQYIHDNYFLVNLVDNDFPLDNCLWQVVEDTLELLNRPTQNARETEAP
G500A,0.8581303739770012,MVNEARGNSSLNPCLEGSASSGSESSKDSSRCSTPGLDPERHERLREKMRRRLESGDKWFSLEFFPPRTAEGAVNLISRFDRMAAGGPLYIDVTWHPAGDPGSDKETSSMMIASTAVNYCGLETILHMTCCRQRLEEITGHLHKAKQLGLKNIMALRGDPIGDQWEEEEGGFNYAVDLVKHIRSEFGDYFDICVAGYPKGHPEAGSFEADLKHLKEKVSAGADFIITQLFFEADTFFRFVKACTDMGITCPIVPGIFPIQGYHSLRQLVKLSKLEVPQEIKDVIEPIKDNDAAIRNYGIELAVSLCQELLASGLVPGLHFYTLNREMATTEVLKRLGMWTEDPRRPLPWALSAHPKRREEDVRPIFWASRPKSYIYRTQEWDEFPNGRWGNSSSPAFGELKDYYLFYLKSKSPKEELLKMWGEELTSEESVFEVFVLYLSGEPNRNGHKVTCLPWNDEPLAAETSLLKEELLRVNRQGILTINSQPNINGKPSSDPIVGWAPSGGYVFQKAYLEFFTSRETAEALLQVLKKYELRVNYHLVNVKGENITNAPELQPNAVTWGIFPGREIIQPTVVDPVSFMFWKDEAFALWIERWGKLYEEESPSRTIIQYIHDNYFLVNLVDNDFPLDNCLWQVVEDTLELLNRPTQNARETEAP
S502N,0.9215483359248224,MVNEARGNSSLNPCLEGSASSGSESSKDSSRCSTPGLDPERHERLREKMRRRLESGDKWFSLEFFPPRTAEGAVNLISRFDRMAAGGPLYIDVTWHPAGDPGSDKETSSMMIASTAVNYCGLETILHMTCCRQRLEEITGHLHKAKQLGLKNIMALRGDPIGDQWEEEEGGFNYAVDLVKHIRSEFGDYFDICVAGYPKGHPEAGSFEADLKHLKEKVSAGADFIITQLFFEADTFFRFVKACTDMGITCPIVPGIFPIQGYHSLRQLVKLSKLEVPQEIKDVIEPIKDNDAAIRNYGIELAVSLCQELLASGLVPGLHFYTLNREMATTEVLKRLGMWTEDPRRPLPWALSAHPKRREEDVRPIFWASRPKSYIYRTQEWDEFPNGRWGNSSSPAFGELKDYYLFYLKSKSPKEELLKMWGEELTSEESVFEVFVLYLSGEPNRNGHKVTCLPWNDEPLAAETSLLKEELLRVNRQGILTINSQPNINGKPSSDPIVGWGPNGGYVFQKAYLEFFTSRETAEALLQVLKKYELRVNYHLVNVKGENITNAPELQPNAVTWGIFPGREIIQPTVVDPVSFMFWKDEAFALWIERWGKLYEEESPSRTIIQYIHDNYFLVNLVDNDFPLDNCLWQVVEDTLELLNRPTQNARETEAP
Y505F,0.9602669636257585,MVNEARGNSSLNPCLEGSASSGSESSKDSSRCSTPGLDPERHERLREKMRRRLESGDKWFSLEFFPPRTAEGAVNLISRFDRMAAGGPLYIDVTWHPAGDPGSDKETSSMMIASTAVNYCGLETILHMTCCRQRLEEITGHLHKAKQLGLKNIMALRGDPIGDQWEEEEGGFNYAVDLVKHIRSEFGDYFDICVAGYPKGHPEAGSFEADLKHLKEKVSAGADFIITQLFFEADTFFRFVKACTDMGITCPIVPGIFPIQGYHSLRQLVKLSKLEVPQEIKDVIEPIKDNDAAIRNYGIELAVSLCQELLASGLVPGLHFYTLNREMATTEVLKRLGMWTEDPRRPLPWALSAHPKRREEDVRPIFWASRPKSYIYRTQEWDEFPNGRWGNSSSPAFGELKDYYLFYLKSKSPKEELLKMWGEELTSEESVFEVFVLYLSGEPNRNGHKVTCLPWNDEPLAAETSLLKEELLRVNRQGILTINSQPNINGKPSSDPIVGWGPSGGFVFQKAYLEFFTSRETAEALLQVLKKYELRVNYHLVNVKGENITNAPELQPNAVTWGIFPGREIIQPTVVDPVSFMFWKDEAFALWIERWGKLYEEESPSRTIIQYIHDNYFLVNLVDNDFPLDNCLWQVVEDTLELLNRPTQNARETEAP
V506T,0.8624021084711461,MVNEARGNSSLNPCLEGSASSGSESSKDSSRCSTPGLDPERHERLREKMRRRLESGDKWFSLEFFPPRTAEGAVNLISRFDRMAAGGPLYIDVTWHPAGDPGSDKETSSMMIASTAVNYCGLETILHMTCCRQRLEEITGHLHKAKQLGLKNIMALRGDPIGDQWEEEEGGFNYAVDLVKHIRSEFGDYFDICVAGYPKGHPEAGSFEADLKHLKEKVSAGADFIITQLFFEADTFFRFVKACTDMGITCPIVPGIFPIQGYHSLRQLVKLSKLEVPQEIKDVIEPIKDNDAAIRNYGIELAVSLCQELLASGLVPGLHFYTLNREMATTEVLKRLGMWTEDPRRPLPWALSAHPKRREEDVRPIFWASRPKSYIYRTQEWDEFPNGRWGNSSSPAFGELKDYYLFYLKSKSPKEELLKMWGEELTSEESVFEVFVLYLSGEPNRNGHKVTCLPWNDEPLAAETSLLKEELLRVNRQGILTINSQPNINGKPSSDPIVGWGPSGGYTFQKAYLEFFTSRETAEALLQVLKKYELRVNYHLVNVKGENITNAPELQPNAVTWGIFPGREIIQPTVVDPVSFMFWKDEAFALWIERWGKLYEEESPSRTIIQYIHDNYFLVNLVDNDFPLDNCLWQVVEDTLELLNRPTQNARETEAP
V506I,0.9193445517416976,MVNEARGNSSLNPCLEGSASSGSESSKDSSRCSTPGLDPERHERLREKMRRRLESGDKWFSLEFFPPRTAEGAVNLISRFDRMAAGGPLYIDVTWHPAGDPGSDKETSSMMIASTAVNYCGLETILHMTCCRQRLEEITGHLHKAKQLGLKNIMALRGDPIGDQWEEEEGGFNYAVDLVKHIRSEFGDYFDICVAGYPKGHPEAGSFEADLKHLKEKVSAGADFIITQLFFEADTFFRFVKACTDMGITCPIVPGIFPIQGYHSLRQLVKLSKLEVPQEIKDVIEPIKDNDAAIRNYGIELAVSLCQELLASGLVPGLHFYTLNREMATTEVLKRLGMWTEDPRRPLPWALSAHPKRREEDVRPIFWASRPKSYIYRTQEWDEFPNGRWGNSSSPAFGELKDYYLFYLKSKSPKEELLKMWGEELTSEESVFEVFVLYLSGEPNRNGHKVTCLPWNDEPLAAETSLLKEELLRVNRQGILTINSQPNINGKPSSDPIVGWGPSGGYIFQKAYLEFFTSRETAEALLQVLKKYELRVNYHLVNVKGENITNAPELQPNAVTWGIFPGREIIQPTVVDPVSFMFWKDEAFALWIERWGKLYEEESPSRTIIQYIHDNYFLVNLVDNDFPLDNCLWQVVEDTLELLNRPTQNARETEAP
F507W,0.899914954046316,MVNEARGNSSLNPCLEGSASSGSESSKDSSRCSTPGLDPERHERLREKMRRRLESGDKWFSLEFFPPRTAEGAVNLISRFDRMAAGGPLYIDVTWHPAGDPGSDKETSSMMIASTAVNYCGLETILHMTCCRQRLEEITGHLHKAKQLGLKNIMALRGDPIGDQWEEEEGGFNYAVDLVKHIRSEFGDYFDICVAGYPKGHPEAGSFEADLKHLKEKVSAGADFIITQLFFEADTFFRFVKACTDMGITCPIVPGIFPIQGYHSLRQLVKLSKLEVPQEIKDVIEPIKDNDAAIRNYGIELAVSLCQELLASGLVPGLHFYTLNREMATTEVLKRLGMWTEDPRRPLPWALSAHPKRREEDVRPIFWASRPKSYIYRTQEWDEFPNGRWGNSSSPAFGELKDYYLFYLKSKSPKEELLKMWGEELTSEESVFEVFVLYLSGEPNRNGHKVTCLPWNDEPLAAETSLLKEELLRVNRQGILTINSQPNINGKPSSDPIVGWGPSGGYVWQKAYLEFFTSRETAEALLQVLKKYELRVNYHLVNVKGENITNAPELQPNAVTWGIFPGREIIQPTVVDPVSFMFWKDEAFALWIERWGKLYEEESPSRTIIQYIHDNYFLVNLVDNDFPLDNCLWQVVEDTLELLNRPTQNARETEAP
Q508E,0.9026360831923226,MVNEARGNSSLNPCLEGSASSGSESSKDSSRCSTPGLDPERHERLREKMRRRLESGDKWFSLEFFPPRTAEGAVNLISRFDRMAAGGPLYIDVTWHPAGDPGSDKETSSMMIASTAVNYCGLETILHMTCCRQRLEEITGHLHKAKQLGLKNIMALRGDPIGDQWEEEEGGFNYAVDLVKHIRSEFGDYFDICVAGYPKGHPEAGSFEADLKHLKEKVSAGADFIITQLFFEADTFFRFVKACTDMGITCPIVPGIFPIQGYHSLRQLVKLSKLEVPQEIKDVIEPIKDNDAAIRNYGIELAVSLCQELLASGLVPGLHFYTLNREMATTEVLKRLGMWTEDPRRPLPWALSAHPKRREEDVRPIFWASRPKSYIYRTQEWDEFPNGRWGNSSSPAFGELKDYYLFYLKSKSPKEELLKMWGEELTSEESVFEVFVLYLSGEPNRNGHKVTCLPWNDEPLAAETSLLKEELLRVNRQGILTINSQPNINGKPSSDPIVGWGPSGGYVFEKAYLEFFTSRETAEALLQVLKKYELRVNYHLVNVKGENITNAPELQPNAVTWGIFPGREIIQPTVVDPVSFMFWKDEAFALWIERWGKLYEEESPSRTIIQYIHDNYFLVNLVDNDFPLDNCLWQVVEDTLELLNRPTQNARETEAP
A510S,0.7933470846012091,MVNEARGNSSLNPCLEGSASSGSESSKDSSRCSTPGLDPERHERLREKMRRRLESGDKWFSLEFFPPRTAEGAVNLISRFDRMAAGGPLYIDVTWHPAGDPGSDKETSSMMIASTAVNYCGLETILHMTCCRQRLEEITGHLHKAKQLGLKNIMALRGDPIGDQWEEEEGGFNYAVDLVKHIRSEFGDYFDICVAGYPKGHPEAGSFEADLKHLKEKVSAGADFIITQLFFEADTFFRFVKACTDMGITCPIVPGIFPIQGYHSLRQLVKLSKLEVPQEIKDVIEPIKDNDAAIRNYGIELAVSLCQELLASGLVPGLHFYTLNREMATTEVLKRLGMWTEDPRRPLPWALSAHPKRREEDVRPIFWASRPKSYIYRTQEWDEFPNGRWGNSSSPAFGELKDYYLFYLKSKSPKEELLKMWGEELTSEESVFEVFVLYLSGEPNRNGHKVTCLPWNDEPLAAETSLLKEELLRVNRQGILTINSQPNINGKPSSDPIVGWGPSGGYVFQKSYLEFFTSRETAEALLQVLKKYELRVNYHLVNVKGENITNAPELQPNAVTWGIFPGREIIQPTVVDPVSFMFWKDEAFALWIERWGKLYEEESPSRTIIQYIHDNYFLVNLVDNDFPLDNCLWQVVEDTLELLNRPTQNARETEAP
Y511F,0.9376685541686934,MVNEARGNSSLNPCLEGSASSGSESSKDSSRCSTPGLDPERHERLREKMRRRLESGDKWFSLEFFPPRTAEGAVNLISRFDRMAAGGPLYIDVTWHPAGDPGSDKETSSMMIASTAVNYCGLETILHMTCCRQRLEEITGHLHKAKQLGLKNIMALRGDPIGDQWEEEEGGFNYAVDLVKHIRSEFGDYFDICVAGYPKGHPEAGSFEADLKHLKEKVSAGADFIITQLFFEADTFFRFVKACTDMGITCPIVPGIFPIQGYHSLRQLVKLSKLEVPQEIKDVIEPIKDNDAAIRNYGIELAVSLCQELLASGLVPGLHFYTLNREMATTEVLKRLGMWTEDPRRPLPWALSAHPKRREEDVRPIFWASRPKSYIYRTQEWDEFPNGRWGNSSSPAFGELKDYYLFYLKSKSPKEELLKMWGEELTSEESVFEVFVLYLSGEPNRNGHKVTCLPWNDEPLAAETSLLKEELLRVNRQGILTINSQPNINGKPSSDPIVGWGPSGGYVFQKAFLEFFTSRETAEALLQVLKKYELRVNYHLVNVKGENITNAPELQPNAVTWGIFPGREIIQPTVVDPVSFMFWKDEAFALWIERWGKLYEEESPSRTIIQYIHDNYFLVNLVDNDFPLDNCLWQVVEDTLELLNRPTQNARETEAP
Y511H,0.8883743115675313,MVNEARGNSSLNPCLEGSASSGSESSKDSSRCSTPGLDPERHERLREKMRRRLESGDKWFSLEFFPPRTAEGAVNLISRFDRMAAGGPLYIDVTWHPAGDPGSDKETSSMMIASTAVNYCGLETILHMTCCRQRLEEITGHLHKAKQLGLKNIMALRGDPIGDQWEEEEGGFNYAVDLVKHIRSEFGDYFDICVAGYPKGHPEAGSFEADLKHLKEKVSAGADFIITQLFFEADTFFRFVKACTDMGITCPIVPGIFPIQGYHSLRQLVKLSKLEVPQEIKDVIEPIKDNDAAIRNYGIELAVSLCQELLASGLVPGLHFYTLNREMATTEVLKRLGMWTEDPRRPLPWALSAHPKRREEDVRPIFWASRPKSYIYRTQEWDEFPNGRWGNSSSPAFGELKDYYLFYLKSKSPKEELLKMWGEELTSEESVFEVFVLYLSGEPNRNGHKVTCLPWNDEPLAAETSLLKEELLRVNRQGILTINSQPNINGKPSSDPIVGWGPSGGYVFQKAHLEFFTSRETAEALLQVLKKYELRVNYHLVNVKGENITNAPELQPNAVTWGIFPGREIIQPTVVDPVSFMFWKDEAFALWIERWGKLYEEESPSRTIIQYIHDNYFLVNLVDNDFPLDNCLWQVVEDTLELLNRPTQNARETEAP
E513D,0.80603734008431,MVNEARGNSSLNPCLEGSASSGSESSKDSSRCSTPGLDPERHERLREKMRRRLESGDKWFSLEFFPPRTAEGAVNLISRFDRMAAGGPLYIDVTWHPAGDPGSDKETSSMMIASTAVNYCGLETILHMTCCRQRLEEITGHLHKAKQLGLKNIMALRGDPIGDQWEEEEGGFNYAVDLVKHIRSEFGDYFDICVAGYPKGHPEAGSFEADLKHLKEKVSAGADFIITQLFFEADTFFRFVKACTDMGITCPIVPGIFPIQGYHSLRQLVKLSKLEVPQEIKDVIEPIKDNDAAIRNYGIELAVSLCQELLASGLVPGLHFYTLNREMATTEVLKRLGMWTEDPRRPLPWALSAHPKRREEDVRPIFWASRPKSYIYRTQEWDEFPNGRWGNSSSPAFGELKDYYLFYLKSKSPKEELLKMWGEELTSEESVFEVFVLYLSGEPNRNGHKVTCLPWNDEPLAAETSLLKEELLRVNRQGILTINSQPNINGKPSSDPIVGWGPSGGYVFQKAYLDFFTSRETAEALLQVLKKYELRVNYHLVNVKGENITNAPELQPNAVTWGIFPGREIIQPTVVDPVSFMFWKDEAFALWIERWGKLYEEESPSRTIIQYIHDNYFLVNLVDNDFPLDNCLWQVVEDTLELLNRPTQNARETEAP
F514Y,0.6807406277276923,MVNEARGNSSLNPCLEGSASSGSESSKDSSRCSTPGLDPERHERLREKMRRRLESGDKWFSLEFFPPRTAEGAVNLISRFDRMAAGGPLYIDVTWHPAGDPGSDKETSSMMIASTAVNYCGLETILHMTCCRQRLEEITGHLHKAKQLGLKNIMALRGDPIGDQWEEEEGGFNYAVDLVKHIRSEFGDYFDICVAGYPKGHPEAGSFEADLKHLKEKVSAGADFIITQLFFEADTFFRFVKACTDMGITCPIVPGIFPIQGYHSLRQLVKLSKLEVPQEIKDVIEPIKDNDAAIRNYGIELAVSLCQELLASGLVPGLHFYTLNREMATTEVLKRLGMWTEDPRRPLPWALSAHPKRREEDVRPIFWASRPKSYIYRTQEWDEFPNGRWGNSSSPAFGELKDYYLFYLKSKSPKEELLKMWGEELTSEESVFEVFVLYLSGEPNRNGHKVTCLPWNDEPLAAETSLLKEELLRVNRQGILTINSQPNINGKPSSDPIVGWGPSGGYVFQKAYLEYFTSRETAEALLQVLKKYELRVNYHLVNVKGENITNAPELQPNAVTWGIFPGREIIQPTVVDPVSFMFWKDEAFALWIERWGKLYEEESPSRTIIQYIHDNYFLVNLVDNDFPLDNCLWQVVEDTLELLNRPTQNARETEAP
T516A,0.7961258277986797,MVNEARGNSSLNPCLEGSASSGSESSKDSSRCSTPGLDPERHERLREKMRRRLESGDKWFSLEFFPPRTAEGAVNLISRFDRMAAGGPLYIDVTWHPAGDPGSDKETSSMMIASTAVNYCGLETILHMTCCRQRLEEITGHLHKAKQLGLKNIMALRGDPIGDQWEEEEGGFNYAVDLVKHIRSEFGDYFDICVAGYPKGHPEAGSFEADLKHLKEKVSAGADFIITQLFFEADTFFRFVKACTDMGITCPIVPGIFPIQGYHSLRQLVKLSKLEVPQEIKDVIEPIKDNDAAIRNYGIELAVSLCQELLASGLVPGLHFYTLNREMATTEVLKRLGMWTEDPRRPLPWALSAHPKRREEDVRPIFWASRPKSYIYRTQEWDEFPNGRWGNSSSPAFGELKDYYLFYLKSKSPKEELLKMWGEELTSEESVFEVFVLYLSGEPNRNGHKVTCLPWNDEPLAAETSLLKEELLRVNRQGILTINSQPNINGKPSSDPIVGWGPSGGYVFQKAYLEFFASRETAEALLQVLKKYELRVNYHLVNVKGENITNAPELQPNAVTWGIFPGREIIQPTVVDPVSFMFWKDEAFALWIERWGKLYEEESPSRTIIQYIHDNYFLVNLVDNDFPLDNCLWQVVEDTLELLNRPTQNARETEAP
S517A,0.8957846901953775,MVNEARGNSSLNPCLEGSASSGSESSKDSSRCSTPGLDPERHERLREKMRRRLESGDKWFSLEFFPPRTAEGAVNLISRFDRMAAGGPLYIDVTWHPAGDPGSDKETSSMMIASTAVNYCGLETILHMTCCRQRLEEITGHLHKAKQLGLKNIMALRGDPIGDQWEEEEGGFNYAVDLVKHIRSEFGDYFDICVAGYPKGHPEAGSFEADLKHLKEKVSAGADFIITQLFFEADTFFRFVKACTDMGITCPIVPGIFPIQGYHSLRQLVKLSKLEVPQEIKDVIEPIKDNDAAIRNYGIELAVSLCQELLASGLVPGLHFYTLNREMATTEVLKRLGMWTEDPRRPLPWALSAHPKRREEDVRPIFWASRPKSYIYRTQEWDEFPNGRWGNSSSPAFGELKDYYLFYLKSKSPKEELLKMWGEELTSEESVFEVFVLYLSGEPNRNGHKVTCLPWNDEPLAAETSLLKEELLRVNRQGILTINSQPNINGKPSSDPIVGWGPSGGYVFQKAYLEFFTARETAEALLQVLKKYELRVNYHLVNVKGENITNAPELQPNAVTWGIFPGREIIQPTVVDPVSFMFWKDEAFALWIERWGKLYEEESPSRTIIQYIHDNYFLVNLVDNDFPLDNCLWQVVEDTLELLNRPTQNARETEAP
E519D,0.8201963534713984,MVNEARGNSSLNPCLEGSASSGSESSKDSSRCSTPGLDPERHERLREKMRRRLESGDKWFSLEFFPPRTAEGAVNLISRFDRMAAGGPLYIDVTWHPAGDPGSDKETSSMMIASTAVNYCGLETILHMTCCRQRLEEITGHLHKAKQLGLKNIMALRGDPIGDQWEEEEGGFNYAVDLVKHIRSEFGDYFDICVAGYPKGHPEAGSFEADLKHLKEKVSAGADFIITQLFFEADTFFRFVKACTDMGITCPIVPGIFPIQGYHSLRQLVKLSKLEVPQEIKDVIEPIKDNDAAIRNYGIELAVSLCQELLASGLVPGLHFYTLNREMATTEVLKRLGMWTEDPRRPLPWALSAHPKRREEDVRPIFWASRPKSYIYRTQEWDEFPNGRWGNSSSPAFGELKDYYLFYLKSKSPKEELLKMWGEELTSEESVFEVFVLYLSGEPNRNGHKVTCLPWNDEPLAAETSLLKEELLRVNRQGILTINSQPNINGKPSSDPIVGWGPSGGYVFQKAYLEFFTSRDTAEALLQVLKKYELRVNYHLVNVKGENITNAPELQPNAVTWGIFPGREIIQPTVVDPVSFMFWKDEAFALWIERWGKLYEEESPSRTIIQYIHDNYFLVNLVDNDFPLDNCLWQVVEDTLELLNRPTQNARETEAP
E522N,0.6744110537740848,MVNEARGNSSLNPCLEGSASSGSESSKDSSRCSTPGLDPERHERLREKMRRRLESGDKWFSLEFFPPRTAEGAVNLISRFDRMAAGGPLYIDVTWHPAGDPGSDKETSSMMIASTAVNYCGLETILHMTCCRQRLEEITGHLHKAKQLGLKNIMALRGDPIGDQWEEEEGGFNYAVDLVKHIRSEFGDYFDICVAGYPKGHPEAGSFEADLKHLKEKVSAGADFIITQLFFEADTFFRFVKACTDMGITCPIVPGIFPIQGYHSLRQLVKLSKLEVPQEIKDVIEPIKDNDAAIRNYGIELAVSLCQELLASGLVPGLHFYTLNREMATTEVLKRLGMWTEDPRRPLPWALSAHPKRREEDVRPIFWASRPKSYIYRTQEWDEFPNGRWGNSSSPAFGELKDYYLFYLKSKSPKEELLKMWGEELTSEESVFEVFVLYLSGEPNRNGHKVTCLPWNDEPLAAETSLLKEELLRVNRQGILTINSQPNINGKPSSDPIVGWGPSGGYVFQKAYLEFFTSRETANALLQVLKKYELRVNYHLVNVKGENITNAPELQPNAVTWGIFPGREIIQPTVVDPVSFMFWKDEAFALWIERWGKLYEEESPSRTIIQYIHDNYFLVNLVDNDFPLDNCLWQVVEDTLELLNRPTQNARETEAP
E522D,0.9088996281717672,MVNEARGNSSLNPCLEGSASSGSESSKDSSRCSTPGLDPERHERLREKMRRRLESGDKWFSLEFFPPRTAEGAVNLISRFDRMAAGGPLYIDVTWHPAGDPGSDKETSSMMIASTAVNYCGLETILHMTCCRQRLEEITGHLHKAKQLGLKNIMALRGDPIGDQWEEEEGGFNYAVDLVKHIRSEFGDYFDICVAGYPKGHPEAGSFEADLKHLKEKVSAGADFIITQLFFEADTFFRFVKACTDMGITCPIVPGIFPIQGYHSLRQLVKLSKLEVPQEIKDVIEPIKDNDAAIRNYGIELAVSLCQELLASGLVPGLHFYTLNREMATTEVLKRLGMWTEDPRRPLPWALSAHPKRREEDVRPIFWASRPKSYIYRTQEWDEFPNGRWGNSSSPAFGELKDYYLFYLKSKSPKEELLKMWGEELTSEESVFEVFVLYLSGEPNRNGHKVTCLPWNDEPLAAETSLLKEELLRVNRQGILTINSQPNINGKPSSDPIVGWGPSGGYVFQKAYLEFFTSRETADALLQVLKKYELRVNYHLVNVKGENITNAPELQPNAVTWGIFPGREIIQPTVVDPVSFMFWKDEAFALWIERWGKLYEEESPSRTIIQYIHDNYFLVNLVDNDFPLDNCLWQVVEDTLELLNRPTQNARETEAP
Q526K,0.9566977974013539,MVNEARGNSSLNPCLEGSASSGSESSKDSSRCSTPGLDPERHERLREKMRRRLESGDKWFSLEFFPPRTAEGAVNLISRFDRMAAGGPLYIDVTWHPAGDPGSDKETSSMMIASTAVNYCGLETILHMTCCRQRLEEITGHLHKAKQLGLKNIMALRGDPIGDQWEEEEGGFNYAVDLVKHIRSEFGDYFDICVAGYPKGHPEAGSFEADLKHLKEKVSAGADFIITQLFFEADTFFRFVKACTDMGITCPIVPGIFPIQGYHSLRQLVKLSKLEVPQEIKDVIEPIKDNDAAIRNYGIELAVSLCQELLASGLVPGLHFYTLNREMATTEVLKRLGMWTEDPRRPLPWALSAHPKRREEDVRPIFWASRPKSYIYRTQEWDEFPNGRWGNSSSPAFGELKDYYLFYLKSKSPKEELLKMWGEELTSEESVFEVFVLYLSGEPNRNGHKVTCLPWNDEPLAAETSLLKEELLRVNRQGILTINSQPNINGKPSSDPIVGWGPSGGYVFQKAYLEFFTSRETAEALLKVLKKYELRVNYHLVNVKGENITNAPELQPNAVTWGIFPGREIIQPTVVDPVSFMFWKDEAFALWIERWGKLYEEESPSRTIIQYIHDNYFLVNLVDNDFPLDNCLWQVVEDTLELLNRPTQNARETEAP
Q526E,0.7967935555464766,MVNEARGNSSLNPCLEGSASSGSESSKDSSRCSTPGLDPERHERLREKMRRRLESGDKWFSLEFFPPRTAEGAVNLISRFDRMAAGGPLYIDVTWHPAGDPGSDKETSSMMIASTAVNYCGLETILHMTCCRQRLEEITGHLHKAKQLGLKNIMALRGDPIGDQWEEEEGGFNYAVDLVKHIRSEFGDYFDICVAGYPKGHPEAGSFEADLKHLKEKVSAGADFIITQLFFEADTFFRFVKACTDMGITCPIVPGIFPIQGYHSLRQLVKLSKLEVPQEIKDVIEPIKDNDAAIRNYGIELAVSLCQELLASGLVPGLHFYTLNREMATTEVLKRLGMWTEDPRRPLPWALSAHPKRREEDVRPIFWASRPKSYIYRTQEWDEFPNGRWGNSSSPAFGELKDYYLFYLKSKSPKEELLKMWGEELTSEESVFEVFVLYLSGEPNRNGHKVTCLPWNDEPLAAETSLLKEELLRVNRQGILTINSQPNINGKPSSDPIVGWGPSGGYVFQKAYLEFFTSRETAEALLEVLKKYELRVNYHLVNVKGENITNAPELQPNAVTWGIFPGREIIQPTVVDPVSFMFWKDEAFALWIERWGKLYEEESPSRTIIQYIHDNYFLVNLVDNDFPLDNCLWQVVEDTLELLNRPTQNARETEAP
V527I,0.8578370408296426,MVNEARGNSSLNPCLEGSASSGSESSKDSSRCSTPGLDPERHERLREKMRRRLESGDKWFSLEFFPPRTAEGAVNLISRFDRMAAGGPLYIDVTWHPAGDPGSDKETSSMMIASTAVNYCGLETILHMTCCRQRLEEITGHLHKAKQLGLKNIMALRGDPIGDQWEEEEGGFNYAVDLVKHIRSEFGDYFDICVAGYPKGHPEAGSFEADLKHLKEKVSAGADFIITQLFFEADTFFRFVKACTDMGITCPIVPGIFPIQGYHSLRQLVKLSKLEVPQEIKDVIEPIKDNDAAIRNYGIELAVSLCQELLASGLVPGLHFYTLNREMATTEVLKRLGMWTEDPRRPLPWALSAHPKRREEDVRPIFWASRPKSYIYRTQEWDEFPNGRWGNSSSPAFGELKDYYLFYLKSKSPKEELLKMWGEELTSEESVFEVFVLYLSGEPNRNGHKVTCLPWNDEPLAAETSLLKEELLRVNRQGILTINSQPNINGKPSSDPIVGWGPSGGYVFQKAYLEFFTSRETAEALLQILKKYELRVNYHLVNVKGENITNAPELQPNAVTWGIFPGREIIQPTVVDPVSFMFWKDEAFALWIERWGKLYEEESPSRTIIQYIHDNYFLVNLVDNDFPLDNCLWQVVEDTLELLNRPTQNARETEAP
K530E,0.9308687358647061,MVNEARGNSSLNPCLEGSASSGSESSKDSSRCSTPGLDPERHERLREKMRRRLESGDKWFSLEFFPPRTAEGAVNLISRFDRMAAGGPLYIDVTWHPAGDPGSDKETSSMMIASTAVNYCGLETILHMTCCRQRLEEITGHLHKAKQLGLKNIMALRGDPIGDQWEEEEGGFNYAVDLVKHIRSEFGDYFDICVAGYPKGHPEAGSFEADLKHLKEKVSAGADFIITQLFFEADTFFRFVKACTDMGITCPIVPGIFPIQGYHSLRQLVKLSKLEVPQEIKDVIEPIKDNDAAIRNYGIELAVSLCQELLASGLVPGLHFYTLNREMATTEVLKRLGMWTEDPRRPLPWALSAHPKRREEDVRPIFWASRPKSYIYRTQEWDEFPNGRWGNSSSPAFGELKDYYLFYLKSKSPKEELLKMWGEELTSEESVFEVFVLYLSGEPNRNGHKVTCLPWNDEPLAAETSLLKEELLRVNRQGILTINSQPNINGKPSSDPIVGWGPSGGYVFQKAYLEFFTSRETAEALLQVLKEYELRVNYHLVNVKGENITNAPELQPNAVTWGIFPGREIIQPTVVDPVSFMFWKDEAFALWIERWGKLYEEESPSRTIIQYIHDNYFLVNLVDNDFPLDNCLWQVVEDTLELLNRPTQNARETEAP
Y531F,0.9757187674093193,MVNEARGNSSLNPCLEGSASSGSESSKDSSRCSTPGLDPERHERLREKMRRRLESGDKWFSLEFFPPRTAEGAVNLISRFDRMAAGGPLYIDVTWHPAGDPGSDKETSSMMIASTAVNYCGLETILHMTCCRQRLEEITGHLHKAKQLGLKNIMALRGDPIGDQWEEEEGGFNYAVDLVKHIRSEFGDYFDICVAGYPKGHPEAGSFEADLKHLKEKVSAGADFIITQLFFEADTFFRFVKACTDMGITCPIVPGIFPIQGYHSLRQLVKLSKLEVPQEIKDVIEPIKDNDAAIRNYGIELAVSLCQELLASGLVPGLHFYTLNREMATTEVLKRLGMWTEDPRRPLPWALSAHPKRREEDVRPIFWASRPKSYIYRTQEWDEFPNGRWGNSSSPAFGELKDYYLFYLKSKSPKEELLKMWGEELTSEESVFEVFVLYLSGEPNRNGHKVTCLPWNDEPLAAETSLLKEELLRVNRQGILTINSQPNINGKPSSDPIVGWGPSGGYVFQKAYLEFFTSRETAEALLQVLKKFELRVNYHLVNVKGENITNAPELQPNAVTWGIFPGREIIQPTVVDPVSFMFWKDEAFALWIERWGKLYEEESPSRTIIQYIHDNYFLVNLVDNDFPLDNCLWQVVEDTLELLNRPTQNARETEAP
E532D,0.9207203529173801,MVNEARGNSSLNPCLEGSASSGSESSKDSSRCSTPGLDPERHERLREKMRRRLESGDKWFSLEFFPPRTAEGAVNLISRFDRMAAGGPLYIDVTWHPAGDPGSDKETSSMMIASTAVNYCGLETILHMTCCRQRLEEITGHLHKAKQLGLKNIMALRGDPIGDQWEEEEGGFNYAVDLVKHIRSEFGDYFDICVAGYPKGHPEAGSFEADLKHLKEKVSAGADFIITQLFFEADTFFRFVKACTDMGITCPIVPGIFPIQGYHSLRQLVKLSKLEVPQEIKDVIEPIKDNDAAIRNYGIELAVSLCQELLASGLVPGLHFYTLNREMATTEVLKRLGMWTEDPRRPLPWALSAHPKRREEDVRPIFWASRPKSYIYRTQEWDEFPNGRWGNSSSPAFGELKDYYLFYLKSKSPKEELLKMWGEELTSEESVFEVFVLYLSGEPNRNGHKVTCLPWNDEPLAAETSLLKEELLRVNRQGILTINSQPNINGKPSSDPIVGWGPSGGYVFQKAYLEFFTSRETAEALLQVLKKYDLRVNYHLVNVKGENITNAPELQPNAVTWGIFPGREIIQPTVVDPVSFMFWKDEAFALWIERWGKLYEEESPSRTIIQYIHDNYFLVNLVDNDFPLDNCLWQVVEDTLELLNRPTQNARETEAP
Y537F,0.8325425200077271,MVNEARGNSSLNPCLEGSASSGSESSKDSSRCSTPGLDPERHERLREKMRRRLESGDKWFSLEFFPPRTAEGAVNLISRFDRMAAGGPLYIDVTWHPAGDPGSDKETSSMMIASTAVNYCGLETILHMTCCRQRLEEITGHLHKAKQLGLKNIMALRGDPIGDQWEEEEGGFNYAVDLVKHIRSEFGDYFDICVAGYPKGHPEAGSFEADLKHLKEKVSAGADFIITQLFFEADTFFRFVKACTDMGITCPIVPGIFPIQGYHSLRQLVKLSKLEVPQEIKDVIEPIKDNDAAIRNYGIELAVSLCQELLASGLVPGLHFYTLNREMATTEVLKRLGMWTEDPRRPLPWALSAHPKRREEDVRPIFWASRPKSYIYRTQEWDEFPNGRWGNSSSPAFGELKDYYLFYLKSKSPKEELLKMWGEELTSEESVFEVFVLYLSGEPNRNGHKVTCLPWNDEPLAAETSLLKEELLRVNRQGILTINSQPNINGKPSSDPIVGWGPSGGYVFQKAYLEFFTSRETAEALLQVLKKYELRVNFHLVNVKGENITNAPELQPNAVTWGIFPGREIIQPTVVDPVSFMFWKDEAFALWIERWGKLYEEESPSRTIIQYIHDNYFLVNLVDNDFPLDNCLWQVVEDTLELLNRPTQNARETEAP
H538Y,0.9651539454817674,MVNEARGNSSLNPCLEGSASSGSESSKDSSRCSTPGLDPERHERLREKMRRRLESGDKWFSLEFFPPRTAEGAVNLISRFDRMAAGGPLYIDVTWHPAGDPGSDKETSSMMIASTAVNYCGLETILHMTCCRQRLEEITGHLHKAKQLGLKNIMALRGDPIGDQWEEEEGGFNYAVDLVKHIRSEFGDYFDICVAGYPKGHPEAGSFEADLKHLKEKVSAGADFIITQLFFEADTFFRFVKACTDMGITCPIVPGIFPIQGYHSLRQLVKLSKLEVPQEIKDVIEPIKDNDAAIRNYGIELAVSLCQELLASGLVPGLHFYTLNREMATTEVLKRLGMWTEDPRRPLPWALSAHPKRREEDVRPIFWASRPKSYIYRTQEWDEFPNGRWGNSSSPAFGELKDYYLFYLKSKSPKEELLKMWGEELTSEESVFEVFVLYLSGEPNRNGHKVTCLPWNDEPLAAETSLLKEELLRVNRQGILTINSQPNINGKPSSDPIVGWGPSGGYVFQKAYLEFFTSRETAEALLQVLKKYELRVNYYLVNVKGENITNAPELQPNAVTWGIFPGREIIQPTVVDPVSFMFWKDEAFALWIERWGKLYEEESPSRTIIQYIHDNYFLVNLVDNDFPLDNCLWQVVEDTLELLNRPTQNARETEAP
L539I,0.8550147116713545,MVNEARGNSSLNPCLEGSASSGSESSKDSSRCSTPGLDPERHERLREKMRRRLESGDKWFSLEFFPPRTAEGAVNLISRFDRMAAGGPLYIDVTWHPAGDPGSDKETSSMMIASTAVNYCGLETILHMTCCRQRLEEITGHLHKAKQLGLKNIMALRGDPIGDQWEEEEGGFNYAVDLVKHIRSEFGDYFDICVAGYPKGHPEAGSFEADLKHLKEKVSAGADFIITQLFFEADTFFRFVKACTDMGITCPIVPGIFPIQGYHSLRQLVKLSKLEVPQEIKDVIEPIKDNDAAIRNYGIELAVSLCQELLASGLVPGLHFYTLNREMATTEVLKRLGMWTEDPRRPLPWALSAHPKRREEDVRPIFWASRPKSYIYRTQEWDEFPNGRWGNSSSPAFGELKDYYLFYLKSKSPKEELLKMWGEELTSEESVFEVFVLYLSGEPNRNGHKVTCLPWNDEPLAAETSLLKEELLRVNRQGILTINSQPNINGKPSSDPIVGWGPSGGYVFQKAYLEFFTSRETAEALLQVLKKYELRVNYHIVNVKGENITNAPELQPNAVTWGIFPGREIIQPTVVDPVSFMFWKDEAFALWIERWGKLYEEESPSRTIIQYIHDNYFLVNLVDNDFPLDNCLWQVVEDTLELLNRPTQNARETEAP
V540I,0.8667138053984718,MVNEARGNSSLNPCLEGSASSGSESSKDSSRCSTPGLDPERHERLREKMRRRLESGDKWFSLEFFPPRTAEGAVNLISRFDRMAAGGPLYIDVTWHPAGDPGSDKETSSMMIASTAVNYCGLETILHMTCCRQRLEEITGHLHKAKQLGLKNIMALRGDPIGDQWEEEEGGFNYAVDLVKHIRSEFGDYFDICVAGYPKGHPEAGSFEADLKHLKEKVSAGADFIITQLFFEADTFFRFVKACTDMGITCPIVPGIFPIQGYHSLRQLVKLSKLEVPQEIKDVIEPIKDNDAAIRNYGIELAVSLCQELLASGLVPGLHFYTLNREMATTEVLKRLGMWTEDPRRPLPWALSAHPKRREEDVRPIFWASRPKSYIYRTQEWDEFPNGRWGNSSSPAFGELKDYYLFYLKSKSPKEELLKMWGEELTSEESVFEVFVLYLSGEPNRNGHKVTCLPWNDEPLAAETSLLKEELLRVNRQGILTINSQPNINGKPSSDPIVGWGPSGGYVFQKAYLEFFTSRETAEALLQVLKKYELRVNYHLINVKGENITNAPELQPNAVTWGIFPGREIIQPTVVDPVSFMFWKDEAFALWIERWGKLYEEESPSRTIIQYIHDNYFLVNLVDNDFPLDNCLWQVVEDTLELLNRPTQNARETEAP
V542I,0.5946961697662471,MVNEARGNSSLNPCLEGSASSGSESSKDSSRCSTPGLDPERHERLREKMRRRLESGDKWFSLEFFPPRTAEGAVNLISRFDRMAAGGPLYIDVTWHPAGDPGSDKETSSMMIASTAVNYCGLETILHMTCCRQRLEEITGHLHKAKQLGLKNIMALRGDPIGDQWEEEEGGFNYAVDLVKHIRSEFGDYFDICVAGYPKGHPEAGSFEADLKHLKEKVSAGADFIITQLFFEADTFFRFVKACTDMGITCPIVPGIFPIQGYHSLRQLVKLSKLEVPQEIKDVIEPIKDNDAAIRNYGIELAVSLCQELLASGLVPGLHFYTLNREMATTEVLKRLGMWTEDPRRPLPWALSAHPKRREEDVRPIFWASRPKSYIYRTQEWDEFPNGRWGNSSSPAFGELKDYYLFYLKSKSPKEELLKMWGEELTSEESVFEVFVLYLSGEPNRNGHKVTCLPWNDEPLAAETSLLKEELLRVNRQGILTINSQPNINGKPSSDPIVGWGPSGGYVFQKAYLEFFTSRETAEALLQVLKKYELRVNYHLVNIKGENITNAPELQPNAVTWGIFPGREIIQPTVVDPVSFMFWKDEAFALWIERWGKLYEEESPSRTIIQYIHDNYFLVNLVDNDFPLDNCLWQVVEDTLELLNRPTQNARETEAP
E545D,0.8997553059424486,MVNEARGNSSLNPCLEGSASSGSESSKDSSRCSTPGLDPERHERLREKMRRRLESGDKWFSLEFFPPRTAEGAVNLISRFDRMAAGGPLYIDVTWHPAGDPGSDKETSSMMIASTAVNYCGLETILHMTCCRQRLEEITGHLHKAKQLGLKNIMALRGDPIGDQWEEEEGGFNYAVDLVKHIRSEFGDYFDICVAGYPKGHPEAGSFEADLKHLKEKVSAGADFIITQLFFEADTFFRFVKACTDMGITCPIVPGIFPIQGYHSLRQLVKLSKLEVPQEIKDVIEPIKDNDAAIRNYGIELAVSLCQELLASGLVPGLHFYTLNREMATTEVLKRLGMWTEDPRRPLPWALSAHPKRREEDVRPIFWASRPKSYIYRTQEWDEFPNGRWGNSSSPAFGELKDYYLFYLKSKSPKEELLKMWGEELTSEESVFEVFVLYLSGEPNRNGHKVTCLPWNDEPLAAETSLLKEELLRVNRQGILTINSQPNINGKPSSDPIVGWGPSGGYVFQKAYLEFFTSRETAEALLQVLKKYELRVNYHLVNVKGDNITNAPELQPNAVTWGIFPGREIIQPTVVDPVSFMFWKDEAFALWIERWGKLYEEESPSRTIIQYIHDNYFLVNLVDNDFPLDNCLWQVVEDTLELLNRPTQNARETEAP
E545Q,0.7282538570923162,MVNEARGNSSLNPCLEGSASSGSESSKDSSRCSTPGLDPERHERLREKMRRRLESGDKWFSLEFFPPRTAEGAVNLISRFDRMAAGGPLYIDVTWHPAGDPGSDKETSSMMIASTAVNYCGLETILHMTCCRQRLEEITGHLHKAKQLGLKNIMALRGDPIGDQWEEEEGGFNYAVDLVKHIRSEFGDYFDICVAGYPKGHPEAGSFEADLKHLKEKVSAGADFIITQLFFEADTFFRFVKACTDMGITCPIVPGIFPIQGYHSLRQLVKLSKLEVPQEIKDVIEPIKDNDAAIRNYGIELAVSLCQELLASGLVPGLHFYTLNREMATTEVLKRLGMWTEDPRRPLPWALSAHPKRREEDVRPIFWASRPKSYIYRTQEWDEFPNGRWGNSSSPAFGELKDYYLFYLKSKSPKEELLKMWGEELTSEESVFEVFVLYLSGEPNRNGHKVTCLPWNDEPLAAETSLLKEELLRVNRQGILTINSQPNINGKPSSDPIVGWGPSGGYVFQKAYLEFFTSRETAEALLQVLKKYELRVNYHLVNVKGQNITNAPELQPNAVTWGIFPGREIIQPTVVDPVSFMFWKDEAFALWIERWGKLYEEESPSRTIIQYIHDNYFLVNLVDNDFPLDNCLWQVVEDTLELLNRPTQNARETEAP
I547V,0.8968669531414208,MVNEARGNSSLNPCLEGSASSGSESSKDSSRCSTPGLDPERHERLREKMRRRLESGDKWFSLEFFPPRTAEGAVNLISRFDRMAAGGPLYIDVTWHPAGDPGSDKETSSMMIASTAVNYCGLETILHMTCCRQRLEEITGHLHKAKQLGLKNIMALRGDPIGDQWEEEEGGFNYAVDLVKHIRSEFGDYFDICVAGYPKGHPEAGSFEADLKHLKEKVSAGADFIITQLFFEADTFFRFVKACTDMGITCPIVPGIFPIQGYHSLRQLVKLSKLEVPQEIKDVIEPIKDNDAAIRNYGIELAVSLCQELLASGLVPGLHFYTLNREMATTEVLKRLGMWTEDPRRPLPWALSAHPKRREEDVRPIFWASRPKSYIYRTQEWDEFPNGRWGNSSSPAFGELKDYYLFYLKSKSPKEELLKMWGEELTSEESVFEVFVLYLSGEPNRNGHKVTCLPWNDEPLAAETSLLKEELLRVNRQGILTINSQPNINGKPSSDPIVGWGPSGGYVFQKAYLEFFTSRETAEALLQVLKKYELRVNYHLVNVKGENVTNAPELQPNAVTWGIFPGREIIQPTVVDPVSFMFWKDEAFALWIERWGKLYEEESPSRTIIQYIHDNYFLVNLVDNDFPLDNCLWQVVEDTLELLNRPTQNARETEAP
T548S,0.8142294547886979,MVNEARGNSSLNPCLEGSASSGSESSKDSSRCSTPGLDPERHERLREKMRRRLESGDKWFSLEFFPPRTAEGAVNLISRFDRMAAGGPLYIDVTWHPAGDPGSDKETSSMMIASTAVNYCGLETILHMTCCRQRLEEITGHLHKAKQLGLKNIMALRGDPIGDQWEEEEGGFNYAVDLVKHIRSEFGDYFDICVAGYPKGHPEAGSFEADLKHLKEKVSAGADFIITQLFFEADTFFRFVKACTDMGITCPIVPGIFPIQGYHSLRQLVKLSKLEVPQEIKDVIEPIKDNDAAIRNYGIELAVSLCQELLASGLVPGLHFYTLNREMATTEVLKRLGMWTEDPRRPLPWALSAHPKRREEDVRPIFWASRPKSYIYRTQEWDEFPNGRWGNSSSPAFGELKDYYLFYLKSKSPKEELLKMWGEELTSEESVFEVFVLYLSGEPNRNGHKVTCLPWNDEPLAAETSLLKEELLRVNRQGILTINSQPNINGKPSSDPIVGWGPSGGYVFQKAYLEFFTSRETAEALLQVLKKYELRVNYHLVNVKGENISNAPELQPNAVTWGIFPGREIIQPTVVDPVSFMFWKDEAFALWIERWGKLYEEESPSRTIIQYIHDNYFLVNLVDNDFPLDNCLWQVVEDTLELLNRPTQNARETEAP
E552D,0.858866260604656,MVNEARGNSSLNPCLEGSASSGSESSKDSSRCSTPGLDPERHERLREKMRRRLESGDKWFSLEFFPPRTAEGAVNLISRFDRMAAGGPLYIDVTWHPAGDPGSDKETSSMMIASTAVNYCGLETILHMTCCRQRLEEITGHLHKAKQLGLKNIMALRGDPIGDQWEEEEGGFNYAVDLVKHIRSEFGDYFDICVAGYPKGHPEAGSFEADLKHLKEKVSAGADFIITQLFFEADTFFRFVKACTDMGITCPIVPGIFPIQGYHSLRQLVKLSKLEVPQEIKDVIEPIKDNDAAIRNYGIELAVSLCQELLASGLVPGLHFYTLNREMATTEVLKRLGMWTEDPRRPLPWALSAHPKRREEDVRPIFWASRPKSYIYRTQEWDEFPNGRWGNSSSPAFGELKDYYLFYLKSKSPKEELLKMWGEELTSEESVFEVFVLYLSGEPNRNGHKVTCLPWNDEPLAAETSLLKEELLRVNRQGILTINSQPNINGKPSSDPIVGWGPSGGYVFQKAYLEFFTSRETAEALLQVLKKYELRVNYHLVNVKGENITNAPDLQPNAVTWGIFPGREIIQPTVVDPVSFMFWKDEAFALWIERWGKLYEEESPSRTIIQYIHDNYFLVNLVDNDFPLDNCLWQVVEDTLELLNRPTQNARETEAP
L553I,0.853563873869978,MVNEARGNSSLNPCLEGSASSGSESSKDSSRCSTPGLDPERHERLREKMRRRLESGDKWFSLEFFPPRTAEGAVNLISRFDRMAAGGPLYIDVTWHPAGDPGSDKETSSMMIASTAVNYCGLETILHMTCCRQRLEEITGHLHKAKQLGLKNIMALRGDPIGDQWEEEEGGFNYAVDLVKHIRSEFGDYFDICVAGYPKGHPEAGSFEADLKHLKEKVSAGADFIITQLFFEADTFFRFVKACTDMGITCPIVPGIFPIQGYHSLRQLVKLSKLEVPQEIKDVIEPIKDNDAAIRNYGIELAVSLCQELLASGLVPGLHFYTLNREMATTEVLKRLGMWTEDPRRPLPWALSAHPKRREEDVRPIFWASRPKSYIYRTQEWDEFPNGRWGNSSSPAFGELKDYYLFYLKSKSPKEELLKMWGEELTSEESVFEVFVLYLSGEPNRNGHKVTCLPWNDEPLAAETSLLKEELLRVNRQGILTINSQPNINGKPSSDPIVGWGPSGGYVFQKAYLEFFTSRETAEALLQVLKKYELRVNYHLVNVKGENITNAPEIQPNAVTWGIFPGREIIQPTVVDPVSFMFWKDEAFALWIERWGKLYEEESPSRTIIQYIHDNYFLVNLVDNDFPLDNCLWQVVEDTLELLNRPTQNARETEAP
Q554E,0.8308852916953232,MVNEARGNSSLNPCLEGSASSGSESSKDSSRCSTPGLDPERHERLREKMRRRLESGDKWFSLEFFPPRTAEGAVNLISRFDRMAAGGPLYIDVTWHPAGDPGSDKETSSMMIASTAVNYCGLETILHMTCCRQRLEEITGHLHKAKQLGLKNIMALRGDPIGDQWEEEEGGFNYAVDLVKHIRSEFGDYFDICVAGYPKGHPEAGSFEADLKHLKEKVSAGADFIITQLFFEADTFFRFVKACTDMGITCPIVPGIFPIQGYHSLRQLVKLSKLEVPQEIKDVIEPIKDNDAAIRNYGIELAVSLCQELLASGLVPGLHFYTLNREMATTEVLKRLGMWTEDPRRPLPWALSAHPKRREEDVRPIFWASRPKSYIYRTQEWDEFPNGRWGNSSSPAFGELKDYYLFYLKSKSPKEELLKMWGEELTSEESVFEVFVLYLSGEPNRNGHKVTCLPWNDEPLAAETSLLKEELLRVNRQGILTINSQPNINGKPSSDPIVGWGPSGGYVFQKAYLEFFTSRETAEALLQVLKKYELRVNYHLVNVKGENITNAPELEPNAVTWGIFPGREIIQPTVVDPVSFMFWKDEAFALWIERWGKLYEEESPSRTIIQYIHDNYFLVNLVDNDFPLDNCLWQVVEDTLELLNRPTQNARETEAP
V558I,0.9483984498455152,MVNEARGNSSLNPCLEGSASSGSESSKDSSRCSTPGLDPERHERLREKMRRRLESGDKWFSLEFFPPRTAEGAVNLISRFDRMAAGGPLYIDVTWHPAGDPGSDKETSSMMIASTAVNYCGLETILHMTCCRQRLEEITGHLHKAKQLGLKNIMALRGDPIGDQWEEEEGGFNYAVDLVKHIRSEFGDYFDICVAGYPKGHPEAGSFEADLKHLKEKVSAGADFIITQLFFEADTFFRFVKACTDMGITCPIVPGIFPIQGYHSLRQLVKLSKLEVPQEIKDVIEPIKDNDAAIRNYGIELAVSLCQELLASGLVPGLHFYTLNREMATTEVLKRLGMWTEDPRRPLPWALSAHPKRREEDVRPIFWASRPKSYIYRTQEWDEFPNGRWGNSSSPAFGELKDYYLFYLKSKSPKEELLKMWGEELTSEESVFEVFVLYLSGEPNRNGHKVTCLPWNDEPLAAETSLLKEELLRVNRQGILTINSQPNINGKPSSDPIVGWGPSGGYVFQKAYLEFFTSRETAEALLQVLKKYELRVNYHLVNVKGENITNAPELQPNAITWGIFPGREIIQPTVVDPVSFMFWKDEAFALWIERWGKLYEEESPSRTIIQYIHDNYFLVNLVDNDFPLDNCLWQVVEDTLELLNRPTQNARETEAP
T559S,0.8979197736385124,MVNEARGNSSLNPCLEGSASSGSESSKDSSRCSTPGLDPERHERLREKMRRRLESGDKWFSLEFFPPRTAEGAVNLISRFDRMAAGGPLYIDVTWHPAGDPGSDKETSSMMIASTAVNYCGLETILHMTCCRQRLEEITGHLHKAKQLGLKNIMALRGDPIGDQWEEEEGGFNYAVDLVKHIRSEFGDYFDICVAGYPKGHPEAGSFEADLKHLKEKVSAGADFIITQLFFEADTFFRFVKACTDMGITCPIVPGIFPIQGYHSLRQLVKLSKLEVPQEIKDVIEPIKDNDAAIRNYGIELAVSLCQELLASGLVPGLHFYTLNREMATTEVLKRLGMWTEDPRRPLPWALSAHPKRREEDVRPIFWASRPKSYIYRTQEWDEFPNGRWGNSSSPAFGELKDYYLFYLKSKSPKEELLKMWGEELTSEESVFEVFVLYLSGEPNRNGHKVTCLPWNDEPLAAETSLLKEELLRVNRQGILTINSQPNINGKPSSDPIVGWGPSGGYVFQKAYLEFFTSRETAEALLQVLKKYELRVNYHLVNVKGENITNAPELQPNAVSWGIFPGREIIQPTVVDPVSFMFWKDEAFALWIERWGKLYEEESPSRTIIQYIHDNYFLVNLVDNDFPLDNCLWQVVEDTLELLNRPTQNARETEAP
W560Y,0.8604301156431696,MVNEARGNSSLNPCLEGSASSGSESSKDSSRCSTPGLDPERHERLREKMRRRLESGDKWFSLEFFPPRTAEGAVNLISRFDRMAAGGPLYIDVTWHPAGDPGSDKETSSMMIASTAVNYCGLETILHMTCCRQRLEEITGHLHKAKQLGLKNIMALRGDPIGDQWEEEEGGFNYAVDLVKHIRSEFGDYFDICVAGYPKGHPEAGSFEADLKHLKEKVSAGADFIITQLFFEADTFFRFVKACTDMGITCPIVPGIFPIQGYHSLRQLVKLSKLEVPQEIKDVIEPIKDNDAAIRNYGIELAVSLCQELLASGLVPGLHFYTLNREMATTEVLKRLGMWTEDPRRPLPWALSAHPKRREEDVRPIFWASRPKSYIYRTQEWDEFPNGRWGNSSSPAFGELKDYYLFYLKSKSPKEELLKMWGEELTSEESVFEVFVLYLSGEPNRNGHKVTCLPWNDEPLAAETSLLKEELLRVNRQGILTINSQPNINGKPSSDPIVGWGPSGGYVFQKAYLEFFTSRETAEALLQVLKKYELRVNYHLVNVKGENITNAPELQPNAVTYGIFPGREIIQPTVVDPVSFMFWKDEAFALWIERWGKLYEEESPSRTIIQYIHDNYFLVNLVDNDFPLDNCLWQVVEDTLELLNRPTQNARETEAP
I562V,0.9159766774377073,MVNEARGNSSLNPCLEGSASSGSESSKDSSRCSTPGLDPERHERLREKMRRRLESGDKWFSLEFFPPRTAEGAVNLISRFDRMAAGGPLYIDVTWHPAGDPGSDKETSSMMIASTAVNYCGLETILHMTCCRQRLEEITGHLHKAKQLGLKNIMALRGDPIGDQWEEEEGGFNYAVDLVKHIRSEFGDYFDICVAGYPKGHPEAGSFEADLKHLKEKVSAGADFIITQLFFEADTFFRFVKACTDMGITCPIVPGIFPIQGYHSLRQLVKLSKLEVPQEIKDVIEPIKDNDAAIRNYGIELAVSLCQELLASGLVPGLHFYTLNREMATTEVLKRLGMWTEDPRRPLPWALSAHPKRREEDVRPIFWASRPKSYIYRTQEWDEFPNGRWGNSSSPAFGELKDYYLFYLKSKSPKEELLKMWGEELTSEESVFEVFVLYLSGEPNRNGHKVTCLPWNDEPLAAETSLLKEELLRVNRQGILTINSQPNINGKPSSDPIVGWGPSGGYVFQKAYLEFFTSRETAEALLQVLKKYELRVNYHLVNVKGENITNAPELQPNAVTWGVFPGREIIQPTVVDPVSFMFWKDEAFALWIERWGKLYEEESPSRTIIQYIHDNYFLVNLVDNDFPLDNCLWQVVEDTLELLNRPTQNARETEAP
E567D,0.8412409476209258,MVNEARGNSSLNPCLEGSASSGSESSKDSSRCSTPGLDPERHERLREKMRRRLESGDKWFSLEFFPPRTAEGAVNLISRFDRMAAGGPLYIDVTWHPAGDPGSDKETSSMMIASTAVNYCGLETILHMTCCRQRLEEITGHLHKAKQLGLKNIMALRGDPIGDQWEEEEGGFNYAVDLVKHIRSEFGDYFDICVAGYPKGHPEAGSFEADLKHLKEKVSAGADFIITQLFFEADTFFRFVKACTDMGITCPIVPGIFPIQGYHSLRQLVKLSKLEVPQEIKDVIEPIKDNDAAIRNYGIELAVSLCQELLASGLVPGLHFYTLNREMATTEVLKRLGMWTEDPRRPLPWALSAHPKRREEDVRPIFWASRPKSYIYRTQEWDEFPNGRWGNSSSPAFGELKDYYLFYLKSKSPKEELLKMWGEELTSEESVFEVFVLYLSGEPNRNGHKVTCLPWNDEPLAAETSLLKEELLRVNRQGILTINSQPNINGKPSSDPIVGWGPSGGYVFQKAYLEFFTSRETAEALLQVLKKYELRVNYHLVNVKGENITNAPELQPNAVTWGIFPGRDIIQPTVVDPVSFMFWKDEAFALWIERWGKLYEEESPSRTIIQYIHDNYFLVNLVDNDFPLDNCLWQVVEDTLELLNRPTQNARETEAP
I568M,0.9413522866949969,MVNEARGNSSLNPCLEGSASSGSESSKDSSRCSTPGLDPERHERLREKMRRRLESGDKWFSLEFFPPRTAEGAVNLISRFDRMAAGGPLYIDVTWHPAGDPGSDKETSSMMIASTAVNYCGLETILHMTCCRQRLEEITGHLHKAKQLGLKNIMALRGDPIGDQWEEEEGGFNYAVDLVKHIRSEFGDYFDICVAGYPKGHPEAGSFEADLKHLKEKVSAGADFIITQLFFEADTFFRFVKACTDMGITCPIVPGIFPIQGYHSLRQLVKLSKLEVPQEIKDVIEPIKDNDAAIRNYGIELAVSLCQELLASGLVPGLHFYTLNREMATTEVLKRLGMWTEDPRRPLPWALSAHPKRREEDVRPIFWASRPKSYIYRTQEWDEFPNGRWGNSSSPAFGELKDYYLFYLKSKSPKEELLKMWGEELTSEESVFEVFVLYLSGEPNRNGHKVTCLPWNDEPLAAETSLLKEELLRVNRQGILTINSQPNINGKPSSDPIVGWGPSGGYVFQKAYLEFFTSRETAEALLQVLKKYELRVNYHLVNVKGENITNAPELQPNAVTWGIFPGREMIQPTVVDPVSFMFWKDEAFALWIERWGKLYEEESPSRTIIQYIHDNYFLVNLVDNDFPLDNCLWQVVEDTLELLNRPTQNARETEAP
I568V,0.9116875122762496,MVNEARGNSSLNPCLEGSASSGSESSKDSSRCSTPGLDPERHERLREKMRRRLESGDKWFSLEFFPPRTAEGAVNLISRFDRMAAGGPLYIDVTWHPAGDPGSDKETSSMMIASTAVNYCGLETILHMTCCRQRLEEITGHLHKAKQLGLKNIMALRGDPIGDQWEEEEGGFNYAVDLVKHIRSEFGDYFDICVAGYPKGHPEAGSFEADLKHLKEKVSAGADFIITQLFFEADTFFRFVKACTDMGITCPIVPGIFPIQGYHSLRQLVKLSKLEVPQEIKDVIEPIKDNDAAIRNYGIELAVSLCQELLASGLVPGLHFYTLNREMATTEVLKRLGMWTEDPRRPLPWALSAHPKRREEDVRPIFWASRPKSYIYRTQEWDEFPNGRWGNSSSPAFGELKDYYLFYLKSKSPKEELLKMWGEELTSEESVFEVFVLYLSGEPNRNGHKVTCLPWNDEPLAAETSLLKEELLRVNRQGILTINSQPNINGKPSSDPIVGWGPSGGYVFQKAYLEFFTSRETAEALLQVLKKYELRVNYHLVNVKGENITNAPELQPNAVTWGIFPGREVIQPTVVDPVSFMFWKDEAFALWIERWGKLYEEESPSRTIIQYIHDNYFLVNLVDNDFPLDNCLWQVVEDTLELLNRPTQNARETEAP
I569M,0.7993699633328648,MVNEARGNSSLNPCLEGSASSGSESSKDSSRCSTPGLDPERHERLREKMRRRLESGDKWFSLEFFPPRTAEGAVNLISRFDRMAAGGPLYIDVTWHPAGDPGSDKETSSMMIASTAVNYCGLETILHMTCCRQRLEEITGHLHKAKQLGLKNIMALRGDPIGDQWEEEEGGFNYAVDLVKHIRSEFGDYFDICVAGYPKGHPEAGSFEADLKHLKEKVSAGADFIITQLFFEADTFFRFVKACTDMGITCPIVPGIFPIQGYHSLRQLVKLSKLEVPQEIKDVIEPIKDNDAAIRNYGIELAVSLCQELLASGLVPGLHFYTLNREMATTEVLKRLGMWTEDPRRPLPWALSAHPKRREEDVRPIFWASRPKSYIYRTQEWDEFPNGRWGNSSSPAFGELKDYYLFYLKSKSPKEELLKMWGEELTSEESVFEVFVLYLSGEPNRNGHKVTCLPWNDEPLAAETSLLKEELLRVNRQGILTINSQPNINGKPSSDPIVGWGPSGGYVFQKAYLEFFTSRETAEALLQVLKKYELRVNYHLVNVKGENITNAPELQPNAVTWGIFPGREIMQPTVVDPVSFMFWKDEAFALWIERWGKLYEEESPSRTIIQYIHDNYFLVNLVDNDFPLDNCLWQVVEDTLELLNRPTQNARETEAP
I569V,0.8303842805229161,MVNEARGNSSLNPCLEGSASSGSESSKDSSRCSTPGLDPERHERLREKMRRRLESGDKWFSLEFFPPRTAEGAVNLISRFDRMAAGGPLYIDVTWHPAGDPGSDKETSSMMIASTAVNYCGLETILHMTCCRQRLEEITGHLHKAKQLGLKNIMALRGDPIGDQWEEEEGGFNYAVDLVKHIRSEFGDYFDICVAGYPKGHPEAGSFEADLKHLKEKVSAGADFIITQLFFEADTFFRFVKACTDMGITCPIVPGIFPIQGYHSLRQLVKLSKLEVPQEIKDVIEPIKDNDAAIRNYGIELAVSLCQELLASGLVPGLHFYTLNREMATTEVLKRLGMWTEDPRRPLPWALSAHPKRREEDVRPIFWASRPKSYIYRTQEWDEFPNGRWGNSSSPAFGELKDYYLFYLKSKSPKEELLKMWGEELTSEESVFEVFVLYLSGEPNRNGHKVTCLPWNDEPLAAETSLLKEELLRVNRQGILTINSQPNINGKPSSDPIVGWGPSGGYVFQKAYLEFFTSRETAEALLQVLKKYELRVNYHLVNVKGENITNAPELQPNAVTWGIFPGREIVQPTVVDPVSFMFWKDEAFALWIERWGKLYEEESPSRTIIQYIHDNYFLVNLVDNDFPLDNCLWQVVEDTLELLNRPTQNARETEAP
Q570E,0.8941944112295044,MVNEARGNSSLNPCLEGSASSGSESSKDSSRCSTPGLDPERHERLREKMRRRLESGDKWFSLEFFPPRTAEGAVNLISRFDRMAAGGPLYIDVTWHPAGDPGSDKETSSMMIASTAVNYCGLETILHMTCCRQRLEEITGHLHKAKQLGLKNIMALRGDPIGDQWEEEEGGFNYAVDLVKHIRSEFGDYFDICVAGYPKGHPEAGSFEADLKHLKEKVSAGADFIITQLFFEADTFFRFVKACTDMGITCPIVPGIFPIQGYHSLRQLVKLSKLEVPQEIKDVIEPIKDNDAAIRNYGIELAVSLCQELLASGLVPGLHFYTLNREMATTEVLKRLGMWTEDPRRPLPWALSAHPKRREEDVRPIFWASRPKSYIYRTQEWDEFPNGRWGNSSSPAFGELKDYYLFYLKSKSPKEELLKMWGEELTSEESVFEVFVLYLSGEPNRNGHKVTCLPWNDEPLAAETSLLKEELLRVNRQGILTINSQPNINGKPSSDPIVGWGPSGGYVFQKAYLEFFTSRETAEALLQVLKKYELRVNYHLVNVKGENITNAPELQPNAVTWGIFPGREIIEPTVVDPVSFMFWKDEAFALWIERWGKLYEEESPSRTIIQYIHDNYFLVNLVDNDFPLDNCLWQVVEDTLELLNRPTQNARETEAP
Q570D,0.8900998139610362,MVNEARGNSSLNPCLEGSASSGSESSKDSSRCSTPGLDPERHERLREKMRRRLESGDKWFSLEFFPPRTAEGAVNLISRFDRMAAGGPLYIDVTWHPAGDPGSDKETSSMMIASTAVNYCGLETILHMTCCRQRLEEITGHLHKAKQLGLKNIMALRGDPIGDQWEEEEGGFNYAVDLVKHIRSEFGDYFDICVAGYPKGHPEAGSFEADLKHLKEKVSAGADFIITQLFFEADTFFRFVKACTDMGITCPIVPGIFPIQGYHSLRQLVKLSKLEVPQEIKDVIEPIKDNDAAIRNYGIELAVSLCQELLASGLVPGLHFYTLNREMATTEVLKRLGMWTEDPRRPLPWALSAHPKRREEDVRPIFWASRPKSYIYRTQEWDEFPNGRWGNSSSPAFGELKDYYLFYLKSKSPKEELLKMWGEELTSEESVFEVFVLYLSGEPNRNGHKVTCLPWNDEPLAAETSLLKEELLRVNRQGILTINSQPNINGKPSSDPIVGWGPSGGYVFQKAYLEFFTSRETAEALLQVLKKYELRVNYHLVNVKGENITNAPELQPNAVTWGIFPGREIIDPTVVDPVSFMFWKDEAFALWIERWGKLYEEESPSRTIIQYIHDNYFLVNLVDNDFPLDNCLWQVVEDTLELLNRPTQNARETEAP
T572S,0.94129143463248,MVNEARGNSSLNPCLEGSASSGSESSKDSSRCSTPGLDPERHERLREKMRRRLESGDKWFSLEFFPPRTAEGAVNLISRFDRMAAGGPLYIDVTWHPAGDPGSDKETSSMMIASTAVNYCGLETILHMTCCRQRLEEITGHLHKAKQLGLKNIMALRGDPIGDQWEEEEGGFNYAVDLVKHIRSEFGDYFDICVAGYPKGHPEAGSFEADLKHLKEKVSAGADFIITQLFFEADTFFRFVKACTDMGITCPIVPGIFPIQGYHSLRQLVKLSKLEVPQEIKDVIEPIKDNDAAIRNYGIELAVSLCQELLASGLVPGLHFYTLNREMATTEVLKRLGMWTEDPRRPLPWALSAHPKRREEDVRPIFWASRPKSYIYRTQEWDEFPNGRWGNSSSPAFGELKDYYLFYLKSKSPKEELLKMWGEELTSEESVFEVFVLYLSGEPNRNGHKVTCLPWNDEPLAAETSLLKEELLRVNRQGILTINSQPNINGKPSSDPIVGWGPSGGYVFQKAYLEFFTSRETAEALLQVLKKYELRVNYHLVNVKGENITNAPELQPNAVTWGIFPGREIIQPSVVDPVSFMFWKDEAFALWIERWGKLYEEESPSRTIIQYIHDNYFLVNLVDNDFPLDNCLWQVVEDTLELLNRPTQNARETEAP
V574I,0.8839714255962885,MVNEARGNSSLNPCLEGSASSGSESSKDSSRCSTPGLDPERHERLREKMRRRLESGDKWFSLEFFPPRTAEGAVNLISRFDRMAAGGPLYIDVTWHPAGDPGSDKETSSMMIASTAVNYCGLETILHMTCCRQRLEEITGHLHKAKQLGLKNIMALRGDPIGDQWEEEEGGFNYAVDLVKHIRSEFGDYFDICVAGYPKGHPEAGSFEADLKHLKEKVSAGADFIITQLFFEADTFFRFVKACTDMGITCPIVPGIFPIQGYHSLRQLVKLSKLEVPQEIKDVIEPIKDNDAAIRNYGIELAVSLCQELLASGLVPGLHFYTLNREMATTEVLKRLGMWTEDPRRPLPWALSAHPKRREEDVRPIFWASRPKSYIYRTQEWDEFPNGRWGNSSSPAFGELKDYYLFYLKSKSPKEELLKMWGEELTSEESVFEVFVLYLSGEPNRNGHKVTCLPWNDEPLAAETSLLKEELLRVNRQGILTINSQPNINGKPSSDPIVGWGPSGGYVFQKAYLEFFTSRETAEALLQVLKKYELRVNYHLVNVKGENITNAPELQPNAVTWGIFPGREIIQPTVIDPVSFMFWKDEAFALWIERWGKLYEEESPSRTIIQYIHDNYFLVNLVDNDFPLDNCLWQVVEDTLELLNRPTQNARETEAP
V577I,0.9797716639712727,MVNEARGNSSLNPCLEGSASSGSESSKDSSRCSTPGLDPERHERLREKMRRRLESGDKWFSLEFFPPRTAEGAVNLISRFDRMAAGGPLYIDVTWHPAGDPGSDKETSSMMIASTAVNYCGLETILHMTCCRQRLEEITGHLHKAKQLGLKNIMALRGDPIGDQWEEEEGGFNYAVDLVKHIRSEFGDYFDICVAGYPKGHPEAGSFEADLKHLKEKVSAGADFIITQLFFEADTFFRFVKACTDMGITCPIVPGIFPIQGYHSLRQLVKLSKLEVPQEIKDVIEPIKDNDAAIRNYGIELAVSLCQELLASGLVPGLHFYTLNREMATTEVLKRLGMWTEDPRRPLPWALSAHPKRREEDVRPIFWASRPKSYIYRTQEWDEFPNGRWGNSSSPAFGELKDYYLFYLKSKSPKEELLKMWGEELTSEESVFEVFVLYLSGEPNRNGHKVTCLPWNDEPLAAETSLLKEELLRVNRQGILTINSQPNINGKPSSDPIVGWGPSGGYVFQKAYLEFFTSRETAEALLQVLKKYELRVNYHLVNVKGENITNAPELQPNAVTWGIFPGREIIQPTVVDPISFMFWKDEAFALWIERWGKLYEEESPSRTIIQYIHDNYFLVNLVDNDFPLDNCLWQVVEDTLELLNRPTQNARETEAP
S578A,0.8597732307127247,MVNEARGNSSLNPCLEGSASSGSESSKDSSRCSTPGLDPERHERLREKMRRRLESGDKWFSLEFFPPRTAEGAVNLISRFDRMAAGGPLYIDVTWHPAGDPGSDKETSSMMIASTAVNYCGLETILHMTCCRQRLEEITGHLHKAKQLGLKNIMALRGDPIGDQWEEEEGGFNYAVDLVKHIRSEFGDYFDICVAGYPKGHPEAGSFEADLKHLKEKVSAGADFIITQLFFEADTFFRFVKACTDMGITCPIVPGIFPIQGYHSLRQLVKLSKLEVPQEIKDVIEPIKDNDAAIRNYGIELAVSLCQELLASGLVPGLHFYTLNREMATTEVLKRLGMWTEDPRRPLPWALSAHPKRREEDVRPIFWASRPKSYIYRTQEWDEFPNGRWGNSSSPAFGELKDYYLFYLKSKSPKEELLKMWGEELTSEESVFEVFVLYLSGEPNRNGHKVTCLPWNDEPLAAETSLLKEELLRVNRQGILTINSQPNINGKPSSDPIVGWGPSGGYVFQKAYLEFFTSRETAEALLQVLKKYELRVNYHLVNVKGENITNAPELQPNAVTWGIFPGREIIQPTVVDPVAFMFWKDEAFALWIERWGKLYEEESPSRTIIQYIHDNYFLVNLVDNDFPLDNCLWQVVEDTLELLNRPTQNARETEAP
M580L,0.8547229085620627,MVNEARGNSSLNPCLEGSASSGSESSKDSSRCSTPGLDPERHERLREKMRRRLESGDKWFSLEFFPPRTAEGAVNLISRFDRMAAGGPLYIDVTWHPAGDPGSDKETSSMMIASTAVNYCGLETILHMTCCRQRLEEITGHLHKAKQLGLKNIMALRGDPIGDQWEEEEGGFNYAVDLVKHIRSEFGDYFDICVAGYPKGHPEAGSFEADLKHLKEKVSAGADFIITQLFFEADTFFRFVKACTDMGITCPIVPGIFPIQGYHSLRQLVKLSKLEVPQEIKDVIEPIKDNDAAIRNYGIELAVSLCQELLASGLVPGLHFYTLNREMATTEVLKRLGMWTEDPRRPLPWALSAHPKRREEDVRPIFWASRPKSYIYRTQEWDEFPNGRWGNSSSPAFGELKDYYLFYLKSKSPKEELLKMWGEELTSEESVFEVFVLYLSGEPNRNGHKVTCLPWNDEPLAAETSLLKEELLRVNRQGILTINSQPNINGKPSSDPIVGWGPSGGYVFQKAYLEFFTSRETAEALLQVLKKYELRVNYHLVNVKGENITNAPELQPNAVTWGIFPGREIIQPTVVDPVSFLFWKDEAFALWIERWGKLYEEESPSRTIIQYIHDNYFLVNLVDNDFPLDNCLWQVVEDTLELLNRPTQNARETEAP
W582Y,0.9459915918667015,MVNEARGNSSLNPCLEGSASSGSESSKDSSRCSTPGLDPERHERLREKMRRRLESGDKWFSLEFFPPRTAEGAVNLISRFDRMAAGGPLYIDVTWHPAGDPGSDKETSSMMIASTAVNYCGLETILHMTCCRQRLEEITGHLHKAKQLGLKNIMALRGDPIGDQWEEEEGGFNYAVDLVKHIRSEFGDYFDICVAGYPKGHPEAGSFEADLKHLKEKVSAGADFIITQLFFEADTFFRFVKACTDMGITCPIVPGIFPIQGYHSLRQLVKLSKLEVPQEIKDVIEPIKDNDAAIRNYGIELAVSLCQELLASGLVPGLHFYTLNREMATTEVLKRLGMWTEDPRRPLPWALSAHPKRREEDVRPIFWASRPKSYIYRTQEWDEFPNGRWGNSSSPAFGELKDYYLFYLKSKSPKEELLKMWGEELTSEESVFEVFVLYLSGEPNRNGHKVTCLPWNDEPLAAETSLLKEELLRVNRQGILTINSQPNINGKPSSDPIVGWGPSGGYVFQKAYLEFFTSRETAEALLQVLKKYELRVNYHLVNVKGENITNAPELQPNAVTWGIFPGREIIQPTVVDPVSFMFYKDEAFALWIERWGKLYEEESPSRTIIQYIHDNYFLVNLVDNDFPLDNCLWQVVEDTLELLNRPTQNARETEAP
K583N,0.8402083898178013,MVNEARGNSSLNPCLEGSASSGSESSKDSSRCSTPGLDPERHERLREKMRRRLESGDKWFSLEFFPPRTAEGAVNLISRFDRMAAGGPLYIDVTWHPAGDPGSDKETSSMMIASTAVNYCGLETILHMTCCRQRLEEITGHLHKAKQLGLKNIMALRGDPIGDQWEEEEGGFNYAVDLVKHIRSEFGDYFDICVAGYPKGHPEAGSFEADLKHLKEKVSAGADFIITQLFFEADTFFRFVKACTDMGITCPIVPGIFPIQGYHSLRQLVKLSKLEVPQEIKDVIEPIKDNDAAIRNYGIELAVSLCQELLASGLVPGLHFYTLNREMATTEVLKRLGMWTEDPRRPLPWALSAHPKRREEDVRPIFWASRPKSYIYRTQEWDEFPNGRWGNSSSPAFGELKDYYLFYLKSKSPKEELLKMWGEELTSEESVFEVFVLYLSGEPNRNGHKVTCLPWNDEPLAAETSLLKEELLRVNRQGILTINSQPNINGKPSSDPIVGWGPSGGYVFQKAYLEFFTSRETAEALLQVLKKYELRVNYHLVNVKGENITNAPELQPNAVTWGIFPGREIIQPTVVDPVSFMFWNDEAFALWIERWGKLYEEESPSRTIIQYIHDNYFLVNLVDNDFPLDNCLWQVVEDTLELLNRPTQNARETEAP
E585D,0.6568994336605133,MVNEARGNSSLNPCLEGSASSGSESSKDSSRCSTPGLDPERHERLREKMRRRLESGDKWFSLEFFPPRTAEGAVNLISRFDRMAAGGPLYIDVTWHPAGDPGSDKETSSMMIASTAVNYCGLETILHMTCCRQRLEEITGHLHKAKQLGLKNIMALRGDPIGDQWEEEEGGFNYAVDLVKHIRSEFGDYFDICVAGYPKGHPEAGSFEADLKHLKEKVSAGADFIITQLFFEADTFFRFVKACTDMGITCPIVPGIFPIQGYHSLRQLVKLSKLEVPQEIKDVIEPIKDNDAAIRNYGIELAVSLCQELLASGLVPGLHFYTLNREMATTEVLKRLGMWTEDPRRPLPWALSAHPKRREEDVRPIFWASRPKSYIYRTQEWDEFPNGRWGNSSSPAFGELKDYYLFYLKSKSPKEELLKMWGEELTSEESVFEVFVLYLSGEPNRNGHKVTCLPWNDEPLAAETSLLKEELLRVNRQGILTINSQPNINGKPSSDPIVGWGPSGGYVFQKAYLEFFTSRETAEALLQVLKKYELRVNYHLVNVKGENITNAPELQPNAVTWGIFPGREIIQPTVVDPVSFMFWKDDAFALWIERWGKLYEEESPSRTIIQYIHDNYFLVNLVDNDFPLDNCLWQVVEDTLELLNRPTQNARETEAP
W590Y,0.9430930046814212,MVNEARGNSSLNPCLEGSASSGSESSKDSSRCSTPGLDPERHERLREKMRRRLESGDKWFSLEFFPPRTAEGAVNLISRFDRMAAGGPLYIDVTWHPAGDPGSDKETSSMMIASTAVNYCGLETILHMTCCRQRLEEITGHLHKAKQLGLKNIMALRGDPIGDQWEEEEGGFNYAVDLVKHIRSEFGDYFDICVAGYPKGHPEAGSFEADLKHLKEKVSAGADFIITQLFFEADTFFRFVKACTDMGITCPIVPGIFPIQGYHSLRQLVKLSKLEVPQEIKDVIEPIKDNDAAIRNYGIELAVSLCQELLASGLVPGLHFYTLNREMATTEVLKRLGMWTEDPRRPLPWALSAHPKRREEDVRPIFWASRPKSYIYRTQEWDEFPNGRWGNSSSPAFGELKDYYLFYLKSKSPKEELLKMWGEELTSEESVFEVFVLYLSGEPNRNGHKVTCLPWNDEPLAAETSLLKEELLRVNRQGILTINSQPNINGKPSSDPIVGWGPSGGYVFQKAYLEFFTSRETAEALLQVLKKYELRVNYHLVNVKGENITNAPELQPNAVTWGIFPGREIIQPTVVDPVSFMFWKDEAFALYIERWGKLYEEESPSRTIIQYIHDNYFLVNLVDNDFPLDNCLWQVVEDTLELLNRPTQNARETEAP
E592D,0.7642234765817036,MVNEARGNSSLNPCLEGSASSGSESSKDSSRCSTPGLDPERHERLREKMRRRLESGDKWFSLEFFPPRTAEGAVNLISRFDRMAAGGPLYIDVTWHPAGDPGSDKETSSMMIASTAVNYCGLETILHMTCCRQRLEEITGHLHKAKQLGLKNIMALRGDPIGDQWEEEEGGFNYAVDLVKHIRSEFGDYFDICVAGYPKGHPEAGSFEADLKHLKEKVSAGADFIITQLFFEADTFFRFVKACTDMGITCPIVPGIFPIQGYHSLRQLVKLSKLEVPQEIKDVIEPIKDNDAAIRNYGIELAVSLCQELLASGLVPGLHFYTLNREMATTEVLKRLGMWTEDPRRPLPWALSAHPKRREEDVRPIFWASRPKSYIYRTQEWDEFPNGRWGNSSSPAFGELKDYYLFYLKSKSPKEELLKMWGEELTSEESVFEVFVLYLSGEPNRNGHKVTCLPWNDEPLAAETSLLKEELLRVNRQGILTINSQPNINGKPSSDPIVGWGPSGGYVFQKAYLEFFTSRETAEALLQVLKKYELRVNYHLVNVKGENITNAPELQPNAVTWGIFPGREIIQPTVVDPVSFMFWKDEAFALWIDRWGKLYEEESPSRTIIQYIHDNYFLVNLVDNDFPLDNCLWQVVEDTLELLNRPTQNARETEAP
W594Y,0.8954056216486803,MVNEARGNSSLNPCLEGSASSGSESSKDSSRCSTPGLDPERHERLREKMRRRLESGDKWFSLEFFPPRTAEGAVNLISRFDRMAAGGPLYIDVTWHPAGDPGSDKETSSMMIASTAVNYCGLETILHMTCCRQRLEEITGHLHKAKQLGLKNIMALRGDPIGDQWEEEEGGFNYAVDLVKHIRSEFGDYFDICVAGYPKGHPEAGSFEADLKHLKEKVSAGADFIITQLFFEADTFFRFVKACTDMGITCPIVPGIFPIQGYHSLRQLVKLSKLEVPQEIKDVIEPIKDNDAAIRNYGIELAVSLCQELLASGLVPGLHFYTLNREMATTEVLKRLGMWTEDPRRPLPWALSAHPKRREEDVRPIFWASRPKSYIYRTQEWDEFPNGRWGNSSSPAFGELKDYYLFYLKSKSPKEELLKMWGEELTSEESVFEVFVLYLSGEPNRNGHKVTCLPWNDEPLAAETSLLKEELLRVNRQGILTINSQPNINGKPSSDPIVGWGPSGGYVFQKAYLEFFTSRETAEALLQVLKKYELRVNYHLVNVKGENITNAPELQPNAVTWGIFPGREIIQPTVVDPVSFMFWKDEAFALWIERYGKLYEEESPSRTIIQYIHDNYFLVNLVDNDFPLDNCLWQVVEDTLELLNRPTQNARETEAP
L597I,0.848480263064166,MVNEARGNSSLNPCLEGSASSGSESSKDSSRCSTPGLDPERHERLREKMRRRLESGDKWFSLEFFPPRTAEGAVNLISRFDRMAAGGPLYIDVTWHPAGDPGSDKETSSMMIASTAVNYCGLETILHMTCCRQRLEEITGHLHKAKQLGLKNIMALRGDPIGDQWEEEEGGFNYAVDLVKHIRSEFGDYFDICVAGYPKGHPEAGSFEADLKHLKEKVSAGADFIITQLFFEADTFFRFVKACTDMGITCPIVPGIFPIQGYHSLRQLVKLSKLEVPQEIKDVIEPIKDNDAAIRNYGIELAVSLCQELLASGLVPGLHFYTLNREMATTEVLKRLGMWTEDPRRPLPWALSAHPKRREEDVRPIFWASRPKSYIYRTQEWDEFPNGRWGNSSSPAFGELKDYYLFYLKSKSPKEELLKMWGEELTSEESVFEVFVLYLSGEPNRNGHKVTCLPWNDEPLAAETSLLKEELLRVNRQGILTINSQPNINGKPSSDPIVGWGPSGGYVFQKAYLEFFTSRETAEALLQVLKKYELRVNYHLVNVKGENITNAPELQPNAVTWGIFPGREIIQPTVVDPVSFMFWKDEAFALWIERWGKIYEEESPSRTIIQYIHDNYFLVNLVDNDFPLDNCLWQVVEDTLELLNRPTQNARETEAP
Y598F,0.9259470798194813,MVNEARGNSSLNPCLEGSASSGSESSKDSSRCSTPGLDPERHERLREKMRRRLESGDKWFSLEFFPPRTAEGAVNLISRFDRMAAGGPLYIDVTWHPAGDPGSDKETSSMMIASTAVNYCGLETILHMTCCRQRLEEITGHLHKAKQLGLKNIMALRGDPIGDQWEEEEGGFNYAVDLVKHIRSEFGDYFDICVAGYPKGHPEAGSFEADLKHLKEKVSAGADFIITQLFFEADTFFRFVKACTDMGITCPIVPGIFPIQGYHSLRQLVKLSKLEVPQEIKDVIEPIKDNDAAIRNYGIELAVSLCQELLASGLVPGLHFYTLNREMATTEVLKRLGMWTEDPRRPLPWALSAHPKRREEDVRPIFWASRPKSYIYRTQEWDEFPNGRWGNSSSPAFGELKDYYLFYLKSKSPKEELLKMWGEELTSEESVFEVFVLYLSGEPNRNGHKVTCLPWNDEPLAAETSLLKEELLRVNRQGILTINSQPNINGKPSSDPIVGWGPSGGYVFQKAYLEFFTSRETAEALLQVLKKYELRVNYHLVNVKGENITNAPELQPNAVTWGIFPGREIIQPTVVDPVSFMFWKDEAFALWIERWGKLFEEESPSRTIIQYIHDNYFLVNLVDNDFPLDNCLWQVVEDTLELLNRPTQNARETEAP
E599D,0.8510724842612123,MVNEARGNSSLNPCLEGSASSGSESSKDSSRCSTPGLDPERHERLREKMRRRLESGDKWFSLEFFPPRTAEGAVNLISRFDRMAAGGPLYIDVTWHPAGDPGSDKETSSMMIASTAVNYCGLETILHMTCCRQRLEEITGHLHKAKQLGLKNIMALRGDPIGDQWEEEEGGFNYAVDLVKHIRSEFGDYFDICVAGYPKGHPEAGSFEADLKHLKEKVSAGADFIITQLFFEADTFFRFVKACTDMGITCPIVPGIFPIQGYHSLRQLVKLSKLEVPQEIKDVIEPIKDNDAAIRNYGIELAVSLCQELLASGLVPGLHFYTLNREMATTEVLKRLGMWTEDPRRPLPWALSAHPKRREEDVRPIFWASRPKSYIYRTQEWDEFPNGRWGNSSSPAFGELKDYYLFYLKSKSPKEELLKMWGEELTSEESVFEVFVLYLSGEPNRNGHKVTCLPWNDEPLAAETSLLKEELLRVNRQGILTINSQPNINGKPSSDPIVGWGPSGGYVFQKAYLEFFTSRETAEALLQVLKKYELRVNYHLVNVKGENITNAPELQPNAVTWGIFPGREIIQPTVVDPVSFMFWKDEAFALWIERWGKLYDEESPSRTIIQYIHDNYFLVNLVDNDFPLDNCLWQVVEDTLELLNRPTQNARETEAP
E600D,0.9585638769156954,MVNEARGNSSLNPCLEGSASSGSESSKDSSRCSTPGLDPERHERLREKMRRRLESGDKWFSLEFFPPRTAEGAVNLISRFDRMAAGGPLYIDVTWHPAGDPGSDKETSSMMIASTAVNYCGLETILHMTCCRQRLEEITGHLHKAKQLGLKNIMALRGDPIGDQWEEEEGGFNYAVDLVKHIRSEFGDYFDICVAGYPKGHPEAGSFEADLKHLKEKVSAGADFIITQLFFEADTFFRFVKACTDMGITCPIVPGIFPIQGYHSLRQLVKLSKLEVPQEIKDVIEPIKDNDAAIRNYGIELAVSLCQELLASGLVPGLHFYTLNREMATTEVLKRLGMWTEDPRRPLPWALSAHPKRREEDVRPIFWASRPKSYIYRTQEWDEFPNGRWGNSSSPAFGELKDYYLFYLKSKSPKEELLKMWGEELTSEESVFEVFVLYLSGEPNRNGHKVTCLPWNDEPLAAETSLLKEELLRVNRQGILTINSQPNINGKPSSDPIVGWGPSGGYVFQKAYLEFFTSRETAEALLQVLKKYELRVNYHLVNVKGENITNAPELQPNAVTWGIFPGREIIQPTVVDPVSFMFWKDEAFALWIERWGKLYEDESPSRTIIQYIHDNYFLVNLVDNDFPLDNCLWQVVEDTLELLNRPTQNARETEAP
E601D,0.9283114932475363,MVNEARGNSSLNPCLEGSASSGSESSKDSSRCSTPGLDPERHERLREKMRRRLESGDKWFSLEFFPPRTAEGAVNLISRFDRMAAGGPLYIDVTWHPAGDPGSDKETSSMMIASTAVNYCGLETILHMTCCRQRLEEITGHLHKAKQLGLKNIMALRGDPIGDQWEEEEGGFNYAVDLVKHIRSEFGDYFDICVAGYPKGHPEAGSFEADLKHLKEKVSAGADFIITQLFFEADTFFRFVKACTDMGITCPIVPGIFPIQGYHSLRQLVKLSKLEVPQEIKDVIEPIKDNDAAIRNYGIELAVSLCQELLASGLVPGLHFYTLNREMATTEVLKRLGMWTEDPRRPLPWALSAHPKRREEDVRPIFWASRPKSYIYRTQEWDEFPNGRWGNSSSPAFGELKDYYLFYLKSKSPKEELLKMWGEELTSEESVFEVFVLYLSGEPNRNGHKVTCLPWNDEPLAAETSLLKEELLRVNRQGILTINSQPNINGKPSSDPIVGWGPSGGYVFQKAYLEFFTSRETAEALLQVLKKYELRVNYHLVNVKGENITNAPELQPNAVTWGIFPGREIIQPTVVDPVSFMFWKDEAFALWIERWGKLYEEDSPSRTIIQYIHDNYFLVNLVDNDFPLDNCLWQVVEDTLELLNRPTQNARETEAP
E601N,0.8641991928939284,MVNEARGNSSLNPCLEGSASSGSESSKDSSRCSTPGLDPERHERLREKMRRRLESGDKWFSLEFFPPRTAEGAVNLISRFDRMAAGGPLYIDVTWHPAGDPGSDKETSSMMIASTAVNYCGLETILHMTCCRQRLEEITGHLHKAKQLGLKNIMALRGDPIGDQWEEEEGGFNYAVDLVKHIRSEFGDYFDICVAGYPKGHPEAGSFEADLKHLKEKVSAGADFIITQLFFEADTFFRFVKACTDMGITCPIVPGIFPIQGYHSLRQLVKLSKLEVPQEIKDVIEPIKDNDAAIRNYGIELAVSLCQELLASGLVPGLHFYTLNREMATTEVLKRLGMWTEDPRRPLPWALSAHPKRREEDVRPIFWASRPKSYIYRTQEWDEFPNGRWGNSSSPAFGELKDYYLFYLKSKSPKEELLKMWGEELTSEESVFEVFVLYLSGEPNRNGHKVTCLPWNDEPLAAETSLLKEELLRVNRQGILTINSQPNINGKPSSDPIVGWGPSGGYVFQKAYLEFFTSRETAEALLQVLKKYELRVNYHLVNVKGENITNAPELQPNAVTWGIFPGREIIQPTVVDPVSFMFWKDEAFALWIERWGKLYEENSPSRTIIQYIHDNYFLVNLVDNDFPLDNCLWQVVEDTLELLNRPTQNARETEAP
S602A,0.9208683152733653,MVNEARGNSSLNPCLEGSASSGSESSKDSSRCSTPGLDPERHERLREKMRRRLESGDKWFSLEFFPPRTAEGAVNLISRFDRMAAGGPLYIDVTWHPAGDPGSDKETSSMMIASTAVNYCGLETILHMTCCRQRLEEITGHLHKAKQLGLKNIMALRGDPIGDQWEEEEGGFNYAVDLVKHIRSEFGDYFDICVAGYPKGHPEAGSFEADLKHLKEKVSAGADFIITQLFFEADTFFRFVKACTDMGITCPIVPGIFPIQGYHSLRQLVKLSKLEVPQEIKDVIEPIKDNDAAIRNYGIELAVSLCQELLASGLVPGLHFYTLNREMATTEVLKRLGMWTEDPRRPLPWALSAHPKRREEDVRPIFWASRPKSYIYRTQEWDEFPNGRWGNSSSPAFGELKDYYLFYLKSKSPKEELLKMWGEELTSEESVFEVFVLYLSGEPNRNGHKVTCLPWNDEPLAAETSLLKEELLRVNRQGILTINSQPNINGKPSSDPIVGWGPSGGYVFQKAYLEFFTSRETAEALLQVLKKYELRVNYHLVNVKGENITNAPELQPNAVTWGIFPGREIIQPTVVDPVSFMFWKDEAFALWIERWGKLYEEEAPSRTIIQYIHDNYFLVNLVDNDFPLDNCLWQVVEDTLELLNRPTQNARETEAP
S604A,0.9438609310515165,MVNEARGNSSLNPCLEGSASSGSESSKDSSRCSTPGLDPERHERLREKMRRRLESGDKWFSLEFFPPRTAEGAVNLISRFDRMAAGGPLYIDVTWHPAGDPGSDKETSSMMIASTAVNYCGLETILHMTCCRQRLEEITGHLHKAKQLGLKNIMALRGDPIGDQWEEEEGGFNYAVDLVKHIRSEFGDYFDICVAGYPKGHPEAGSFEADLKHLKEKVSAGADFIITQLFFEADTFFRFVKACTDMGITCPIVPGIFPIQGYHSLRQLVKLSKLEVPQEIKDVIEPIKDNDAAIRNYGIELAVSLCQELLASGLVPGLHFYTLNREMATTEVLKRLGMWTEDPRRPLPWALSAHPKRREEDVRPIFWASRPKSYIYRTQEWDEFPNGRWGNSSSPAFGELKDYYLFYLKSKSPKEELLKMWGEELTSEESVFEVFVLYLSGEPNRNGHKVTCLPWNDEPLAAETSLLKEELLRVNRQGILTINSQPNINGKPSSDPIVGWGPSGGYVFQKAYLEFFTSRETAEALLQVLKKYELRVNYHLVNVKGENITNAPELQPNAVTWGIFPGREIIQPTVVDPVSFMFWKDEAFALWIERWGKLYEEESPARTIIQYIHDNYFLVNLVDNDFPLDNCLWQVVEDTLELLNRPTQNARETEAP
T606N,0.9514039575524924,MVNEARGNSSLNPCLEGSASSGSESSKDSSRCSTPGLDPERHERLREKMRRRLESGDKWFSLEFFPPRTAEGAVNLISRFDRMAAGGPLYIDVTWHPAGDPGSDKETSSMMIASTAVNYCGLETILHMTCCRQRLEEITGHLHKAKQLGLKNIMALRGDPIGDQWEEEEGGFNYAVDLVKHIRSEFGDYFDICVAGYPKGHPEAGSFEADLKHLKEKVSAGADFIITQLFFEADTFFRFVKACTDMGITCPIVPGIFPIQGYHSLRQLVKLSKLEVPQEIKDVIEPIKDNDAAIRNYGIELAVSLCQELLASGLVPGLHFYTLNREMATTEVLKRLGMWTEDPRRPLPWALSAHPKRREEDVRPIFWASRPKSYIYRTQEWDEFPNGRWGNSSSPAFGELKDYYLFYLKSKSPKEELLKMWGEELTSEESVFEVFVLYLSGEPNRNGHKVTCLPWNDEPLAAETSLLKEELLRVNRQGILTINSQPNINGKPSSDPIVGWGPSGGYVFQKAYLEFFTSRETAEALLQVLKKYELRVNYHLVNVKGENITNAPELQPNAVTWGIFPGREIIQPTVVDPVSFMFWKDEAFALWIERWGKLYEEESPSRNIIQYIHDNYFLVNLVDNDFPLDNCLWQVVEDTLELLNRPTQNARETEAP
I607V,0.9614789299281549,MVNEARGNSSLNPCLEGSASSGSESSKDSSRCSTPGLDPERHERLREKMRRRLESGDKWFSLEFFPPRTAEGAVNLISRFDRMAAGGPLYIDVTWHPAGDPGSDKETSSMMIASTAVNYCGLETILHMTCCRQRLEEITGHLHKAKQLGLKNIMALRGDPIGDQWEEEEGGFNYAVDLVKHIRSEFGDYFDICVAGYPKGHPEAGSFEADLKHLKEKVSAGADFIITQLFFEADTFFRFVKACTDMGITCPIVPGIFPIQGYHSLRQLVKLSKLEVPQEIKDVIEPIKDNDAAIRNYGIELAVSLCQELLASGLVPGLHFYTLNREMATTEVLKRLGMWTEDPRRPLPWALSAHPKRREEDVRPIFWASRPKSYIYRTQEWDEFPNGRWGNSSSPAFGELKDYYLFYLKSKSPKEELLKMWGEELTSEESVFEVFVLYLSGEPNRNGHKVTCLPWNDEPLAAETSLLKEELLRVNRQGILTINSQPNINGKPSSDPIVGWGPSGGYVFQKAYLEFFTSRETAEALLQVLKKYELRVNYHLVNVKGENITNAPELQPNAVTWGIFPGREIIQPTVVDPVSFMFWKDEAFALWIERWGKLYEEESPSRTVIQYIHDNYFLVNLVDNDFPLDNCLWQVVEDTLELLNRPTQNARETEAP
I608V,0.9357603054051846,MVNEARGNSSLNPCLEGSASSGSESSKDSSRCSTPGLDPERHERLREKMRRRLESGDKWFSLEFFPPRTAEGAVNLISRFDRMAAGGPLYIDVTWHPAGDPGSDKETSSMMIASTAVNYCGLETILHMTCCRQRLEEITGHLHKAKQLGLKNIMALRGDPIGDQWEEEEGGFNYAVDLVKHIRSEFGDYFDICVAGYPKGHPEAGSFEADLKHLKEKVSAGADFIITQLFFEADTFFRFVKACTDMGITCPIVPGIFPIQGYHSLRQLVKLSKLEVPQEIKDVIEPIKDNDAAIRNYGIELAVSLCQELLASGLVPGLHFYTLNREMATTEVLKRLGMWTEDPRRPLPWALSAHPKRREEDVRPIFWASRPKSYIYRTQEWDEFPNGRWGNSSSPAFGELKDYYLFYLKSKSPKEELLKMWGEELTSEESVFEVFVLYLSGEPNRNGHKVTCLPWNDEPLAAETSLLKEELLRVNRQGILTINSQPNINGKPSSDPIVGWGPSGGYVFQKAYLEFFTSRETAEALLQVLKKYELRVNYHLVNVKGENITNAPELQPNAVTWGIFPGREIIQPTVVDPVSFMFWKDEAFALWIERWGKLYEEESPSRTIVQYIHDNYFLVNLVDNDFPLDNCLWQVVEDTLELLNRPTQNARETEAP
Q609E,0.7042990601548175,MVNEARGNSSLNPCLEGSASSGSESSKDSSRCSTPGLDPERHERLREKMRRRLESGDKWFSLEFFPPRTAEGAVNLISRFDRMAAGGPLYIDVTWHPAGDPGSDKETSSMMIASTAVNYCGLETILHMTCCRQRLEEITGHLHKAKQLGLKNIMALRGDPIGDQWEEEEGGFNYAVDLVKHIRSEFGDYFDICVAGYPKGHPEAGSFEADLKHLKEKVSAGADFIITQLFFEADTFFRFVKACTDMGITCPIVPGIFPIQGYHSLRQLVKLSKLEVPQEIKDVIEPIKDNDAAIRNYGIELAVSLCQELLASGLVPGLHFYTLNREMATTEVLKRLGMWTEDPRRPLPWALSAHPKRREEDVRPIFWASRPKSYIYRTQEWDEFPNGRWGNSSSPAFGELKDYYLFYLKSKSPKEELLKMWGEELTSEESVFEVFVLYLSGEPNRNGHKVTCLPWNDEPLAAETSLLKEELLRVNRQGILTINSQPNINGKPSSDPIVGWGPSGGYVFQKAYLEFFTSRETAEALLQVLKKYELRVNYHLVNVKGENITNAPELQPNAVTWGIFPGREIIQPTVVDPVSFMFWKDEAFALWIERWGKLYEEESPSRTIIEYIHDNYFLVNLVDNDFPLDNCLWQVVEDTLELLNRPTQNARETEAP
Y610F,0.8683132091684732,MVNEARGNSSLNPCLEGSASSGSESSKDSSRCSTPGLDPERHERLREKMRRRLESGDKWFSLEFFPPRTAEGAVNLISRFDRMAAGGPLYIDVTWHPAGDPGSDKETSSMMIASTAVNYCGLETILHMTCCRQRLEEITGHLHKAKQLGLKNIMALRGDPIGDQWEEEEGGFNYAVDLVKHIRSEFGDYFDICVAGYPKGHPEAGSFEADLKHLKEKVSAGADFIITQLFFEADTFFRFVKACTDMGITCPIVPGIFPIQGYHSLRQLVKLSKLEVPQEIKDVIEPIKDNDAAIRNYGIELAVSLCQELLASGLVPGLHFYTLNREMATTEVLKRLGMWTEDPRRPLPWALSAHPKRREEDVRPIFWASRPKSYIYRTQEWDEFPNGRWGNSSSPAFGELKDYYLFYLKSKSPKEELLKMWGEELTSEESVFEVFVLYLSGEPNRNGHKVTCLPWNDEPLAAETSLLKEELLRVNRQGILTINSQPNINGKPSSDPIVGWGPSGGYVFQKAYLEFFTSRETAEALLQVLKKYELRVNYHLVNVKGENITNAPELQPNAVTWGIFPGREIIQPTVVDPVSFMFWKDEAFALWIERWGKLYEEESPSRTIIQFIHDNYFLVNLVDNDFPLDNCLWQVVEDTLELLNRPTQNARETEAP
I611V,0.9391537969216928,MVNEARGNSSLNPCLEGSASSGSESSKDSSRCSTPGLDPERHERLREKMRRRLESGDKWFSLEFFPPRTAEGAVNLISRFDRMAAGGPLYIDVTWHPAGDPGSDKETSSMMIASTAVNYCGLETILHMTCCRQRLEEITGHLHKAKQLGLKNIMALRGDPIGDQWEEEEGGFNYAVDLVKHIRSEFGDYFDICVAGYPKGHPEAGSFEADLKHLKEKVSAGADFIITQLFFEADTFFRFVKACTDMGITCPIVPGIFPIQGYHSLRQLVKLSKLEVPQEIKDVIEPIKDNDAAIRNYGIELAVSLCQELLASGLVPGLHFYTLNREMATTEVLKRLGMWTEDPRRPLPWALSAHPKRREEDVRPIFWASRPKSYIYRTQEWDEFPNGRWGNSSSPAFGELKDYYLFYLKSKSPKEELLKMWGEELTSEESVFEVFVLYLSGEPNRNGHKVTCLPWNDEPLAAETSLLKEELLRVNRQGILTINSQPNINGKPSSDPIVGWGPSGGYVFQKAYLEFFTSRETAEALLQVLKKYELRVNYHLVNVKGENITNAPELQPNAVTWGIFPGREIIQPTVVDPVSFMFWKDEAFALWIERWGKLYEEESPSRTIIQYVHDNYFLVNLVDNDFPLDNCLWQVVEDTLELLNRPTQNARETEAP
Y615F,0.9155000107920441,MVNEARGNSSLNPCLEGSASSGSESSKDSSRCSTPGLDPERHERLREKMRRRLESGDKWFSLEFFPPRTAEGAVNLISRFDRMAAGGPLYIDVTWHPAGDPGSDKETSSMMIASTAVNYCGLETILHMTCCRQRLEEITGHLHKAKQLGLKNIMALRGDPIGDQWEEEEGGFNYAVDLVKHIRSEFGDYFDICVAGYPKGHPEAGSFEADLKHLKEKVSAGADFIITQLFFEADTFFRFVKACTDMGITCPIVPGIFPIQGYHSLRQLVKLSKLEVPQEIKDVIEPIKDNDAAIRNYGIELAVSLCQELLASGLVPGLHFYTLNREMATTEVLKRLGMWTEDPRRPLPWALSAHPKRREEDVRPIFWASRPKSYIYRTQEWDEFPNGRWGNSSSPAFGELKDYYLFYLKSKSPKEELLKMWGEELTSEESVFEVFVLYLSGEPNRNGHKVTCLPWNDEPLAAETSLLKEELLRVNRQGILTINSQPNINGKPSSDPIVGWGPSGGYVFQKAYLEFFTSRETAEALLQVLKKYELRVNYHLVNVKGENITNAPELQPNAVTWGIFPGREIIQPTVVDPVSFMFWKDEAFALWIERWGKLYEEESPSRTIIQYIHDNFFLVNLVDNDFPLDNCLWQVVEDTLELLNRPTQNARETEAP
V621I,0.871458354342993,MVNEARGNSSLNPCLEGSASSGSESSKDSSRCSTPGLDPERHERLREKMRRRLESGDKWFSLEFFPPRTAEGAVNLISRFDRMAAGGPLYIDVTWHPAGDPGSDKETSSMMIASTAVNYCGLETILHMTCCRQRLEEITGHLHKAKQLGLKNIMALRGDPIGDQWEEEEGGFNYAVDLVKHIRSEFGDYFDICVAGYPKGHPEAGSFEADLKHLKEKVSAGADFIITQLFFEADTFFRFVKACTDMGITCPIVPGIFPIQGYHSLRQLVKLSKLEVPQEIKDVIEPIKDNDAAIRNYGIELAVSLCQELLASGLVPGLHFYTLNREMATTEVLKRLGMWTEDPRRPLPWALSAHPKRREEDVRPIFWASRPKSYIYRTQEWDEFPNGRWGNSSSPAFGELKDYYLFYLKSKSPKEELLKMWGEELTSEESVFEVFVLYLSGEPNRNGHKVTCLPWNDEPLAAETSLLKEELLRVNRQGILTINSQPNINGKPSSDPIVGWGPSGGYVFQKAYLEFFTSRETAEALLQVLKKYELRVNYHLVNVKGENITNAPELQPNAVTWGIFPGREIIQPTVVDPVSFMFWKDEAFALWIERWGKLYEEESPSRTIIQYIHDNYFLVNLIDNDFPLDNCLWQVVEDTLELLNRPTQNARETEAP
F625Y,0.8729291318234744,MVNEARGNSSLNPCLEGSASSGSESSKDSSRCSTPGLDPERHERLREKMRRRLESGDKWFSLEFFPPRTAEGAVNLISRFDRMAAGGPLYIDVTWHPAGDPGSDKETSSMMIASTAVNYCGLETILHMTCCRQRLEEITGHLHKAKQLGLKNIMALRGDPIGDQWEEEEGGFNYAVDLVKHIRSEFGDYFDICVAGYPKGHPEAGSFEADLKHLKEKVSAGADFIITQLFFEADTFFRFVKACTDMGITCPIVPGIFPIQGYHSLRQLVKLSKLEVPQEIKDVIEPIKDNDAAIRNYGIELAVSLCQELLASGLVPGLHFYTLNREMATTEVLKRLGMWTEDPRRPLPWALSAHPKRREEDVRPIFWASRPKSYIYRTQEWDEFPNGRWGNSSSPAFGELKDYYLFYLKSKSPKEELLKMWGEELTSEESVFEVFVLYLSGEPNRNGHKVTCLPWNDEPLAAETSLLKEELLRVNRQGILTINSQPNINGKPSSDPIVGWGPSGGYVFQKAYLEFFTSRETAEALLQVLKKYELRVNYHLVNVKGENITNAPELQPNAVTWGIFPGREIIQPTVVDPVSFMFWKDEAFALWIERWGKLYEEESPSRTIIQYIHDNYFLVNLVDNDYPLDNCLWQVVEDTLELLNRPTQNARETEAP
E640Q,0.7777258036024922,MVNEARGNSSLNPCLEGSASSGSESSKDSSRCSTPGLDPERHERLREKMRRRLESGDKWFSLEFFPPRTAEGAVNLISRFDRMAAGGPLYIDVTWHPAGDPGSDKETSSMMIASTAVNYCGLETILHMTCCRQRLEEITGHLHKAKQLGLKNIMALRGDPIGDQWEEEEGGFNYAVDLVKHIRSEFGDYFDICVAGYPKGHPEAGSFEADLKHLKEKVSAGADFIITQLFFEADTFFRFVKACTDMGITCPIVPGIFPIQGYHSLRQLVKLSKLEVPQEIKDVIEPIKDNDAAIRNYGIELAVSLCQELLASGLVPGLHFYTLNREMATTEVLKRLGMWTEDPRRPLPWALSAHPKRREEDVRPIFWASRPKSYIYRTQEWDEFPNGRWGNSSSPAFGELKDYYLFYLKSKSPKEELLKMWGEELTSEESVFEVFVLYLSGEPNRNGHKVTCLPWNDEPLAAETSLLKEELLRVNRQGILTINSQPNINGKPSSDPIVGWGPSGGYVFQKAYLEFFTSRETAEALLQVLKKYELRVNYHLVNVKGENITNAPELQPNAVTWGIFPGREIIQPTVVDPVSFMFWKDEAFALWIERWGKLYEEESPSRTIIQYIHDNYFLVNLVDNDFPLDNCLWQVVEDTLQLLNRPTQNARETEAP